{
  "classname": null,
  "name": null,
  "animation": {
    "classname": null,
    "name": "AnimationManager",
    "actionlist": []
  },
  "dataScale": 1,
  "designHeight": 640,
  "designWidth": 960,
  "textures": [],
  "texturesPng": [
    "game1.png",
    "banting_tap.png",
    "game2.png",
    "susun_tap.png",
    "game3.png",
    "normal_btn.png",
    "normal_btn_tap.png",
    "home.png",
    "Icon-152.png",
    "menu_head.png"
  ],
  "version": "1.6.0.0",
  "widgetTree": {
    "classname": "Panel",
    "name": null,
    "children": [
      {
        "classname": "Button",
        "name": null,
        "children": [
          {
            "classname": "ImageView",
            "name": null,
            "children": [],
            "options": {
              "__type": "ImageViewSurrogate:#EditorCommon.JsonModel.Component.GUI",
              "classname": "ImageView",
              "name": "Image_7",
              "ZOrder": 0,
              "actiontag": 37904072,
              "anchorPointX": 0.5,
              "anchorPointY": 0.5,
              "classType": "CocoStudio.EngineAdapterWrap.CSImageView",
              "colorB": 255,
              "colorG": 255,
              "colorR": 255,
              "customProperty": "",
              "flipX": false,
              "flipY": false,
              "height": 60,
              "ignoreSize": true,
              "layoutParameter": null,
              "opacity": 255,
              "positionPercentX": 0,
              "positionPercentY": 0.0416666679,
              "positionType": 0,
              "rotation": 0,
              "scaleX": 1,
              "scaleY": 1,
              "sizePercentX": 0.5648148,
              "sizePercentY": 0.5,
              "sizeType": 0,
              "tag": 374,
              "touchAble": false,
              "useMergedTexture": false,
              "visible": true,
              "width": 61,
              "x": 0,
              "y": 5,
              "capInsetsHeight": 1,
              "capInsetsWidth": 1,
              "capInsetsX": 0,
              "capInsetsY": 0,
              "fileName": null,
              "fileNameData": {
                "path": "home.png",
                "plistFile": "",
                "resourceType": 0
              },
              "scale9Enable": false,
              "scale9Height": 60,
              "scale9Width": 61
            }
          }
        ],
        "options": {
          "__type": "ButtonSurrogate:#EditorCommon.JsonModel.Component.GUI",
          "classname": "Button",
          "name": "btnHome",
          "ZOrder": 0,
          "actiontag": 22099544,
          "anchorPointX": 0.5,
          "anchorPointY": 0.5,
          "classType": "CocoStudio.EngineAdapterWrap.CSButton",
          "colorB": 255,
          "colorG": 255,
          "colorR": 255,
          "customProperty": "",
          "flipX": false,
          "flipY": false,
          "height": 120,
          "ignoreSize": true,
          "layoutParameter": null,
          "opacity": 255,
          "positionPercentX": -0.203125,
          "positionPercentY": 0.878125,
          "positionType": 0,
          "rotation": 0,
          "scaleX": 1,
          "scaleY": 1,
          "sizePercentX": 0.1125,
          "sizePercentY": 0.1875,
          "sizeType": 0,
          "tag": 373,
          "touchAble": true,
          "useMergedTexture": false,
          "visible": true,
          "width": 108,
          "x": -195,
          "y": 562,
          "capInsetsHeight": 1,
          "capInsetsWidth": 1,
          "capInsetsX": 0,
          "capInsetsY": 0,
          "disabled": null,
          "disabledData": {
            "path": null,
            "plistFile": null,
            "resourceType": 0
          },
          "fontName": "微软雅黑",
          "fontSize": 14,
          "fontType": 0,
          "normal": null,
          "normalData": {
            "path": "normal_btn.png",
            "plistFile": "",
            "resourceType": 0
          },
          "pressed": null,
          "pressedData": {
            "path": "normal_btn_tap.png",
            "plistFile": "",
            "resourceType": 0
          },
          "scale9Enable": false,
          "scale9Height": 120,
          "scale9Width": 108,
          "text": "",
          "textColorB": 255,
          "textColorG": 255,
          "textColorR": 255
        }
      },
      {
        "classname": "Button",
        "name": null,
        "children": [
          {
            "classname": "ImageView",
            "name": null,
            "children": [],
            "options": {
              "__type": "ImageViewSurrogate:#EditorCommon.JsonModel.Component.GUI",
              "classname": "ImageView",
              "name": "imgPlayNow",
              "ZOrder": 0,
              "actiontag": 66707469,
              "anchorPointX": 0.5,
              "anchorPointY": 0.5,
              "classType": "CocoStudio.EngineAdapterWrap.CSImageView",
              "colorB": 255,
              "colorG": 255,
              "colorR": 255,
              "customProperty": "",
              "flipX": false,
              "flipY": false,
              "height": 35,
              "ignoreSize": true,
              "layoutParameter": null,
              "opacity": 255,
              "positionPercentX": 0.027777778,
              "positionPercentY": -0.027777778,
              "positionType": 0,
              "rotation": 0,
              "scaleX": 0.9,
              "scaleY": 0.9,
              "sizePercentX": 0.8666667,
              "sizePercentY": 0.4861111,
              "sizeType": 0,
              "tag": 8826,
              "touchAble": false,
              "useMergedTexture": false,
              "visible": true,
              "width": 156,
              "x": 5,
              "y": -2,
              "capInsetsHeight": 1,
              "capInsetsWidth": 1,
              "capInsetsX": 0,
              "capInsetsY": 0,
              "fileName": null,
              "fileNameData": {
                "path": "langsung.png",
                "plistFile": "",
                "resourceType": 0
              },
              "scale9Enable": false,
              "scale9Height": 35,
              "scale9Width": 156
            }
          }
        ],
        "options": {
          "__type": "ButtonSurrogate:#EditorCommon.JsonModel.Component.GUI",
          "classname": "Button",
          "name": "btnPlay",
          "ZOrder": 0,
          "actiontag": 4774627,
          "anchorPointX": 0.5,
          "anchorPointY": 0.5,
          "classType": "CocoStudio.EngineAdapterWrap.CSButton",
          "colorB": 255,
          "colorG": 255,
          "colorR": 255,
          "customProperty": "",
          "flipX": false,
          "flipY": false,
          "height": 72,
          "ignoreSize": false,
          "layoutParameter": null,
          "opacity": 255,
          "positionPercentX": 0.101041667,
          "positionPercentY": 0.64375,
          "positionType": 0,
          "rotation": 0,
          "scaleX": 1.1,
          "scaleY": 1.1,
          "sizePercentX": 0.1875,
          "sizePercentY": 0.1125,
          "sizeType": 0,
          "tag": 274,
          "touchAble": true,
          "useMergedTexture": false,
          "visible": true,
          "width": 180,
          "x": 97,
          "y": 412,
          "capInsetsHeight": 1,
          "capInsetsWidth": 1,
          "capInsetsX": 0,
          "capInsetsY": 0,
          "disabled": null,
          "disabledData": {
            "path": null,
            "plistFile": null,
            "resourceType": 0
          },
          "fontName": "微软雅黑",
          "fontSize": 21,
          "fontType": 0,
          "normal": null,
          "normalData": {
            "path": "redbtn_new.png",
            "plistFile": "",
            "resourceType": 0
          },
          "pressed": null,
          "pressedData": {
            "path": "redbtn_new_tap.png",
            "plistFile": "",
            "resourceType": 0
          },
          "scale9Enable": false,
          "scale9Height": 72,
          "scale9Width": 180,
          "text": "",
          "textColorB": 255,
          "textColorG": 255,
          "textColorR": 255
        }
      },
      {
        "classname": "Button",
        "name": null,
        "children": [
          {
            "classname": "ImageView",
            "name": null,
            "children": [],
            "options": {
              "__type": "ImageViewSurrogate:#EditorCommon.JsonModel.Component.GUI",
              "classname": "ImageView",
              "name": "imgCreateRoom",
              "ZOrder": 0,
              "actiontag": 19560385,
              "anchorPointX": 0.5,
              "anchorPointY": 0.5,
              "classType": "CocoStudio.EngineAdapterWrap.CSImageView",
              "colorB": 255,
              "colorG": 255,
              "colorR": 255,
              "customProperty": "",
              "flipX": false,
              "flipY": false,
              "height": 56,
              "ignoreSize": true,
              "layoutParameter": null,
              "opacity": 255,
              "positionPercentX": 0.0222222228,
              "positionPercentY": 0.0972222239,
              "positionType": 0,
              "rotation": 0,
              "scaleX": 0.8,
              "scaleY": 0.8,
              "sizePercentX": 0.9222222,
              "sizePercentY": 0.7777778,
              "sizeType": 0,
              "tag": 8827,
              "touchAble": false,
              "useMergedTexture": false,
              "visible": true,
              "width": 166,
              "x": 4,
              "y": 7,
              "capInsetsHeight": 1,
              "capInsetsWidth": 1,
              "capInsetsX": 0,
              "capInsetsY": 0,
              "fileName": null,
              "fileNameData": {
                "path": "membuat.png",
                "plistFile": "",
                "resourceType": 0
              },
              "scale9Enable": false,
              "scale9Height": 56,
              "scale9Width": 166
            }
          }
        ],
        "options": {
          "__type": "ButtonSurrogate:#EditorCommon.JsonModel.Component.GUI",
          "classname": "Button",
          "name": "btnCreate",
          "ZOrder": 0,
          "actiontag": 19232167,
          "anchorPointX": 0.5,
          "anchorPointY": 0.5,
          "classType": "CocoStudio.EngineAdapterWrap.CSButton",
          "colorB": 255,
          "colorG": 255,
          "colorR": 255,
          "customProperty": "",
          "flipX": false,
          "flipY": false,
          "height": 72,
          "ignoreSize": false,
          "layoutParameter": null,
          "opacity": 255,
          "positionPercentX": 0.09375,
          "positionPercentY": 0.4890625,
          "positionType": 0,
          "rotation": 0,
          "scaleX": 1,
          "scaleY": 1,
          "sizePercentX": 0.1875,
          "sizePercentY": 0.1125,
          "sizeType": 0,
          "tag": 275,
          "touchAble": true,
          "useMergedTexture": false,
          "visible": true,
          "width": 180,
          "x": 90,
          "y": 313,
          "capInsetsHeight": 1,
          "capInsetsWidth": 1,
          "capInsetsX": 0,
          "capInsetsY": 0,
          "disabled": null,
          "disabledData": {
            "path": null,
            "plistFile": null,
            "resourceType": 0
          },
          "fontName": "微软雅黑",
          "fontSize": 21,
          "fontType": 0,
          "normal": null,
          "normalData": {
            "path": "greenbtn.png",
            "plistFile": "",
            "resourceType": 0
          },
          "pressed": null,
          "pressedData": {
            "path": "greenbtn_tap.png",
            "plistFile": "",
            "resourceType": 0
          },
          "scale9Enable": false,
          "scale9Height": 72,
          "scale9Width": 180,
          "text": "",
          "textColorB": 255,
          "textColorG": 255,
          "textColorR": 255
        }
      },
      {
        "classname": "ImageView",
        "name": null,
        "children": [],
        "options": {
          "__type": "ImageViewSurrogate:#EditorCommon.JsonModel.Component.GUI",
          "classname": "ImageView",
          "name": "imgLogoGame",
          "ZOrder": 0,
          "actiontag": 45337728,
          "anchorPointX": 0.5,
          "anchorPointY": 0.5,
          "classType": "CocoStudio.EngineAdapterWrap.CSImageView",
          "colorB": 255,
          "colorG": 255,
          "colorR": 255,
          "customProperty": "",
          "flipX": false,
          "flipY": false,
          "height": 64,
          "ignoreSize": true,
          "layoutParameter": null,
          "opacity": 255,
          "positionPercentX": 0.096875,
          "positionPercentY": 0.759375,
          "positionType": 0,
          "rotation": 0,
          "scaleX": 1,
          "scaleY": 1,
          "sizePercentX": 0.138541669,
          "sizePercentY": 0.1,
          "sizeType": 0,
          "tag": 375,
          "touchAble": false,
          "useMergedTexture": false,
          "visible": true,
          "width": 133,
          "x": 93,
          "y": 486,
          "capInsetsHeight": 1,
          "capInsetsWidth": 1,
          "capInsetsX": 0,
          "capInsetsY": 0,
          "fileName": null,
          "fileNameData": {
            "path": "Banting.png",
            "plistFile": "",
            "resourceType": 0
          },
          "scale9Enable": false,
          "scale9Height": 64,
          "scale9Width": 133
        }
      },
      {
        "classname": "Panel",
        "name": null,
        "children": [
          {
            "classname": "ImageView",
            "name": null,
            "children": [],
            "options": {
              "__type": "ImageViewSurrogate:#EditorCommon.JsonModel.Component.GUI",
              "classname": "ImageView",
              "name": "imgListRoomBG",
              "ZOrder": 0,
              "actiontag": 7850094,
              "anchorPointX": 0.5,
              "anchorPointY": 0.5,
              "classType": "CocoStudio.EngineAdapterWrap.CSImageView",
              "colorB": 255,
              "colorG": 255,
              "colorR": 255,
              "customProperty": "",
              "flipX": false,
              "flipY": false,
              "height": 480,
              "ignoreSize": false,
              "layoutParameter": null,
              "opacity": 255,
              "positionPercentX": 0.5045161,
              "positionPercentY": 0.49636364,
              "positionType": 0,
              "rotation": 0,
              "scaleX": 1,
              "scaleY": 1,
              "sizePercentX": 0.9677419,
              "sizePercentY": 0.8727273,
              "sizeType": 0,
              "tag": 1451,
              "touchAble": false,
              "useMergedTexture": false,
              "visible": true,
              "width": 750,
              "x": 391,
              "y": 273,
              "capInsetsHeight": 85,
              "capInsetsWidth": 85,
              "capInsetsX": 85,
              "capInsetsY": 85,
              "fileName": null,
              "fileNameData": {
                "path": "popup9scale.png",
                "plistFile": "",
                "resourceType": 0
              },
              "scale9Enable": true,
              "scale9Height": 480,
              "scale9Width": 750
            }
          },
          {
            "classname": "Panel",
            "name": null,
            "children": [
              {
                "classname": "Panel",
                "name": null,
                "children": [
                  {
                    "classname": "ImageView",
                    "name": null,
                    "children": [],
                    "options": {
                      "__type": "ImageViewSurrogate:#EditorCommon.JsonModel.Component.GUI",
                      "classname": "ImageView",
                      "name": "Image_90",
                      "ZOrder": 0,
                      "actiontag": 27332751,
                      "anchorPointX": 0.5,
                      "anchorPointY": 0.5,
                      "classType": "CocoStudio.EngineAdapterWrap.CSImageView",
                      "colorB": 255,
                      "colorG": 255,
                      "colorR": 255,
                      "customProperty": "",
                      "flipX": false,
                      "flipY": false,
                      "height": 24,
                      "ignoreSize": true,
                      "layoutParameter": null,
                      "opacity": 255,
                      "positionPercentX": 0.182539687,
                      "positionPercentY": 0.5,
                      "positionType": 0,
                      "rotation": 0,
                      "scaleX": 1,
                      "scaleY": 1,
                      "sizePercentX": 0.317460328,
                      "sizePercentY": 0.75,
                      "sizeType": 0,
                      "tag": 366,
                      "touchAble": false,
                      "useMergedTexture": false,
                      "visible": true,
                      "width": 40,
                      "x": 23,
                      "y": 16,
                      "capInsetsHeight": 1,
                      "capInsetsWidth": 1,
                      "capInsetsX": 0,
                      "capInsetsY": 0,
                      "fileName": null,
                      "fileNameData": {
                        "path": "chips.png",
                        "plistFile": "",
                        "resourceType": 0
                      },
                      "scale9Enable": false,
                      "scale9Height": 24,
                      "scale9Width": 40
                    }
                  },
                  {
                    "classname": "TextField",
                    "name": null,
                    "children": [],
                    "options": {
                      "__type": "TextFieldSurrogate:#EditorCommon.JsonModel.Component.GUI",
                      "classname": "TextField",
                      "name": "txtRoomBet",
                      "ZOrder": 0,
                      "actiontag": 28270190,
                      "anchorPointX": 0,
                      "anchorPointY": 0,
                      "classType": "CocoStudio.EngineAdapterWrap.CSTextField",
                      "colorB": 255,
                      "colorG": 255,
                      "colorR": 255,
                      "customProperty": "",
                      "flipX": false,
                      "flipY": false,
                      "height": 23,
                      "ignoreSize": true,
                      "layoutParameter": null,
                      "opacity": 255,
                      "positionPercentX": 0.373015881,
                      "positionPercentY": 0.125,
                      "positionType": 0,
                      "rotation": 0,
                      "scaleX": 1,
                      "scaleY": 1,
                      "sizePercentX": 0.238095239,
                      "sizePercentY": 0.71875,
                      "sizeType": 0,
                      "tag": 295,
                      "touchAble": false,
                      "useMergedTexture": false,
                      "visible": true,
                      "width": 30,
                      "x": 47,
                      "y": 4,
                      "areaHeight": 0,
                      "areaWidth": 0,
                      "fontFile": null,
                      "fontName": "微软雅黑",
                      "fontSize": 20,
                      "maxLength": 10,
                      "maxLengthEnable": false,
                      "passwordEnable": false,
                      "passwordStyleText": "*",
                      "placeHolder": "input words here",
                      "text": "Bet"
                    }
                  }
                ],
                "options": {
                  "__type": "PanelSurrogate:#EditorCommon.JsonModel.Component.GUI",
                  "classname": "Panel",
                  "name": "pnlTitleStakes",
                  "ZOrder": 0,
                  "actiontag": 20986293,
                  "anchorPointX": 0,
                  "anchorPointY": 0,
                  "classType": "CocoStudio.EngineAdapterWrap.CSPanel",
                  "colorB": 255,
                  "colorG": 255,
                  "colorR": 255,
                  "customProperty": "",
                  "flipX": false,
                  "flipY": false,
                  "height": 32,
                  "ignoreSize": false,
                  "layoutParameter": null,
                  "opacity": 255,
                  "positionPercentX": 0.525333345,
                  "positionPercentY": 0.0465116277,
                  "positionType": 0,
                  "rotation": 0,
                  "scaleX": 1,
                  "scaleY": 1,
                  "sizePercentX": 0.168,
                  "sizePercentY": 0.744186044,
                  "sizeType": 0,
                  "tag": 722,
                  "touchAble": false,
                  "useMergedTexture": false,
                  "visible": true,
                  "width": 126,
                  "x": 394,
                  "y": 2,
                  "adaptScreen": false,
                  "backGroundImage": null,
                  "backGroundImageData": null,
                  "backGroundScale9Enable": false,
                  "bgColorB": 255,
                  "bgColorG": 200,
                  "bgColorOpacity": 100,
                  "bgColorR": 150,
                  "bgEndColorB": 255,
                  "bgEndColorG": 200,
                  "bgEndColorR": 150,
                  "bgStartColorB": 255,
                  "bgStartColorG": 255,
                  "bgStartColorR": 255,
                  "capInsetsHeight": 1,
                  "capInsetsWidth": 1,
                  "capInsetsX": 0,
                  "capInsetsY": 0,
                  "clipAble": false,
                  "colorType": 0,
                  "layoutType": 0,
                  "vectorX": 0,
                  "vectorY": -0.5
                }
              },
              {
                "classname": "TextField",
                "name": null,
                "children": [],
                "options": {
                  "__type": "TextFieldSurrogate:#EditorCommon.JsonModel.Component.GUI",
                  "classname": "TextField",
                  "name": "txtRoomNumber",
                  "ZOrder": 0,
                  "actiontag": 27999558,
                  "anchorPointX": 0.5,
                  "anchorPointY": 0.5,
                  "classType": "CocoStudio.EngineAdapterWrap.CSTextField",
                  "colorB": 255,
                  "colorG": 255,
                  "colorR": 255,
                  "customProperty": "",
                  "flipX": false,
                  "flipY": false,
                  "height": 23,
                  "ignoreSize": true,
                  "layoutParameter": null,
                  "opacity": 255,
                  "positionPercentX": 0.08133333,
                  "positionPercentY": 0.395348847,
                  "positionType": 0,
                  "rotation": 0,
                  "scaleX": 1,
                  "scaleY": 1,
                  "sizePercentX": 0.11733333,
                  "sizePercentY": 0.534883738,
                  "sizeType": 0,
                  "tag": 293,
                  "touchAble": false,
                  "useMergedTexture": false,
                  "visible": true,
                  "width": 88,
                  "x": 61,
                  "y": 17,
                  "areaHeight": 0,
                  "areaWidth": 0,
                  "fontFile": null,
                  "fontName": "微软雅黑",
                  "fontSize": 20,
                  "maxLength": 10,
                  "maxLengthEnable": false,
                  "passwordEnable": false,
                  "passwordStyleText": "*",
                  "placeHolder": "input words here",
                  "text": "No. Room"
                }
              },
              {
                "classname": "TextField",
                "name": null,
                "children": [],
                "options": {
                  "__type": "TextFieldSurrogate:#EditorCommon.JsonModel.Component.GUI",
                  "classname": "TextField",
                  "name": "txtRoomName",
                  "ZOrder": 0,
                  "actiontag": 29270662,
                  "anchorPointX": 0.5,
                  "anchorPointY": 0.5,
                  "classType": "CocoStudio.EngineAdapterWrap.CSTextField",
                  "colorB": 255,
                  "colorG": 255,
                  "colorR": 255,
                  "customProperty": "",
                  "flipX": false,
                  "flipY": false,
                  "height": 23,
                  "ignoreSize": true,
                  "layoutParameter": null,
                  "opacity": 255,
                  "positionPercentX": 0.325333327,
                  "positionPercentY": 0.395348847,
                  "positionType": 0,
                  "rotation": 0,
                  "scaleX": 1,
                  "scaleY": 1,
                  "sizePercentX": 0.145333335,
                  "sizePercentY": 0.534883738,
                  "sizeType": 0,
                  "tag": 294,
                  "touchAble": false,
                  "useMergedTexture": false,
                  "visible": true,
                  "width": 109,
                  "x": 244,
                  "y": 17,
                  "areaHeight": 0,
                  "areaWidth": 0,
                  "fontFile": null,
                  "fontName": "微软雅黑",
                  "fontSize": 20,
                  "maxLength": 10,
                  "maxLengthEnable": false,
                  "passwordEnable": false,
                  "passwordStyleText": "*",
                  "placeHolder": "input words here",
                  "text": "Room Name"
                }
              },
              {
                "classname": "Panel",
                "name": null,
                "children": [
                  {
                    "classname": "ImageView",
                    "name": null,
                    "children": [],
                    "options": {
                      "__type": "ImageViewSurrogate:#EditorCommon.JsonModel.Component.GUI",
                      "classname": "ImageView",
                      "name": "Image_23",
                      "ZOrder": 0,
                      "actiontag": 60259893,
                      "anchorPointX": 0.5,
                      "anchorPointY": 0.5,
                      "classType": "CocoStudio.EngineAdapterWrap.CSImageView",
                      "colorB": 255,
                      "colorG": 255,
                      "colorR": 255,
                      "customProperty": "",
                      "flipX": false,
                      "flipY": false,
                      "height": 22,
                      "ignoreSize": true,
                      "layoutParameter": null,
                      "opacity": 255,
                      "positionPercentX": 0.257352948,
                      "positionPercentY": 0.4516129,
                      "positionType": 0,
                      "rotation": 0,
                      "scaleX": 1,
                      "scaleY": 1,
                      "sizePercentX": 0.1985294,
                      "sizePercentY": 0.7096774,
                      "sizeType": 0,
                      "tag": 299,
                      "touchAble": false,
                      "useMergedTexture": false,
                      "visible": true,
                      "width": 27,
                      "x": 35,
                      "y": 14,
                      "capInsetsHeight": 1,
                      "capInsetsWidth": 1,
                      "capInsetsX": 0,
                      "capInsetsY": 0,
                      "fileName": null,
                      "fileNameData": {
                        "path": "user_icon.png",
                        "plistFile": "",
                        "resourceType": 0
                      },
                      "scale9Enable": false,
                      "scale9Height": 22,
                      "scale9Width": 27
                    }
                  },
                  {
                    "classname": "TextField",
                    "name": null,
                    "children": [],
                    "options": {
                      "__type": "TextFieldSurrogate:#EditorCommon.JsonModel.Component.GUI",
                      "classname": "TextField",
                      "name": "txtRoomPlayer",
                      "ZOrder": 0,
                      "actiontag": 25773625,
                      "anchorPointX": 0,
                      "anchorPointY": 0,
                      "classType": "CocoStudio.EngineAdapterWrap.CSTextField",
                      "colorB": 255,
                      "colorG": 255,
                      "colorR": 255,
                      "customProperty": "",
                      "flipX": false,
                      "flipY": false,
                      "height": 23,
                      "ignoreSize": true,
                      "layoutParameter": null,
                      "opacity": 255,
                      "positionPercentX": 0.3970588,
                      "positionPercentY": 0.09677419,
                      "positionType": 0,
                      "rotation": 0,
                      "scaleX": 1,
                      "scaleY": 1,
                      "sizePercentX": 0.4852941,
                      "sizePercentY": 0.7419355,
                      "sizeType": 0,
                      "tag": 296,
                      "touchAble": false,
                      "useMergedTexture": false,
                      "visible": true,
                      "width": 66,
                      "x": 54,
                      "y": 3,
                      "areaHeight": 0,
                      "areaWidth": 0,
                      "fontFile": null,
                      "fontName": "微软雅黑",
                      "fontSize": 20,
                      "maxLength": 10,
                      "maxLengthEnable": false,
                      "passwordEnable": false,
                      "passwordStyleText": "*",
                      "placeHolder": "input words here",
                      "text": "Players"
                    }
                  }
                ],
                "options": {
                  "__type": "PanelSurrogate:#EditorCommon.JsonModel.Component.GUI",
                  "classname": "Panel",
                  "name": "pnlTitlePlayer",
                  "ZOrder": 0,
                  "actiontag": 64483414,
                  "anchorPointX": 0,
                  "anchorPointY": 0,
                  "classType": "CocoStudio.EngineAdapterWrap.CSPanel",
                  "colorB": 255,
                  "colorG": 255,
                  "colorR": 255,
                  "customProperty": "",
                  "flipX": false,
                  "flipY": false,
                  "height": 31,
                  "ignoreSize": false,
                  "layoutParameter": null,
                  "opacity": 255,
                  "positionPercentX": 0.7133333,
                  "positionPercentY": 0.0930232555,
                  "positionType": 0,
                  "rotation": 0,
                  "scaleX": 1,
                  "scaleY": 1,
                  "sizePercentX": 0.181333333,
                  "sizePercentY": 0.7209302,
                  "sizeType": 0,
                  "tag": 723,
                  "touchAble": false,
                  "useMergedTexture": false,
                  "visible": true,
                  "width": 136,
                  "x": 535,
                  "y": 4,
                  "adaptScreen": false,
                  "backGroundImage": null,
                  "backGroundImageData": null,
                  "backGroundScale9Enable": false,
                  "bgColorB": 255,
                  "bgColorG": 200,
                  "bgColorOpacity": 100,
                  "bgColorR": 150,
                  "bgEndColorB": 255,
                  "bgEndColorG": 200,
                  "bgEndColorR": 150,
                  "bgStartColorB": 255,
                  "bgStartColorG": 255,
                  "bgStartColorR": 255,
                  "capInsetsHeight": 1,
                  "capInsetsWidth": 1,
                  "capInsetsX": 0,
                  "capInsetsY": 0,
                  "clipAble": false,
                  "colorType": 0,
                  "layoutType": 0,
                  "vectorX": 0,
                  "vectorY": -0.5
                }
              }
            ],
            "options": {
              "__type": "PanelSurrogate:#EditorCommon.JsonModel.Component.GUI",
              "classname": "Panel",
              "name": "pnlTitleListRoom",
              "ZOrder": 1,
              "actiontag": 33107994,
              "anchorPointX": 0,
              "anchorPointY": 0,
              "classType": "CocoStudio.EngineAdapterWrap.CSPanel",
              "colorB": 255,
              "colorG": 255,
              "colorR": 255,
              "customProperty": "",
              "flipX": false,
              "flipY": false,
              "height": 43,
              "ignoreSize": false,
              "layoutParameter": null,
              "opacity": 255,
              "positionPercentX": 0.0206451621,
              "positionPercentY": 0.841818154,
              "positionType": 0,
              "rotation": 0,
              "scaleX": 1,
              "scaleY": 1,
              "sizePercentX": 0.9677419,
              "sizePercentY": 0.07818182,
              "sizeType": 0,
              "tag": 721,
              "touchAble": false,
              "useMergedTexture": false,
              "visible": true,
              "width": 750,
              "x": 16,
              "y": 463,
              "adaptScreen": false,
              "backGroundImage": null,
              "backGroundImageData": {
                "path": "lobbytop.png",
                "plistFile": "",
                "resourceType": 0
              },
              "backGroundScale9Enable": false,
              "bgColorB": 255,
              "bgColorG": 200,
              "bgColorOpacity": 100,
              "bgColorR": 150,
              "bgEndColorB": 255,
              "bgEndColorG": 200,
              "bgEndColorR": 150,
              "bgStartColorB": 255,
              "bgStartColorG": 255,
              "bgStartColorR": 255,
              "capInsetsHeight": 1,
              "capInsetsWidth": 1,
              "capInsetsX": 0,
              "capInsetsY": 0,
              "clipAble": false,
              "colorType": 0,
              "layoutType": 0,
              "vectorX": 0,
              "vectorY": -0.5
            }
          },
          {
            "classname": "ImageView",
            "name": null,
            "children": [],
            "options": {
              "__type": "ImageViewSurrogate:#EditorCommon.JsonModel.Component.GUI",
              "classname": "ImageView",
              "name": "iconPoint",
              "ZOrder": 5,
              "actiontag": 4806684,
              "anchorPointX": 0.5,
              "anchorPointY": 0.5,
              "classType": "CocoStudio.EngineAdapterWrap.CSImageView",
              "colorB": 255,
              "colorG": 255,
              "colorR": 255,
              "customProperty": "",
              "flipX": false,
              "flipY": false,
              "height": 26,
              "ignoreSize": true,
              "layoutParameter": null,
              "opacity": 255,
              "positionPercentX": 0.181935489,
              "positionPercentY": 0.185454547,
              "positionType": 0,
              "rotation": 0,
              "scaleX": 1,
              "scaleY": 1,
              "sizePercentX": 0.0619354844,
              "sizePercentY": 0.0472727269,
              "sizeType": 0,
              "tag": 785,
              "touchAble": false,
              "useMergedTexture": false,
              "visible": true,
              "width": 48,
              "x": 141,
              "y": 102,
              "capInsetsHeight": 1,
              "capInsetsWidth": 1,
              "capInsetsX": 0,
              "capInsetsY": 0,
              "fileName": null,
              "fileNameData": {
                "path": "point.png",
                "plistFile": "",
                "resourceType": 0
              },
              "scale9Enable": false,
              "scale9Height": 26,
              "scale9Width": 48
            }
          },
          {
            "classname": "Button",
            "name": null,
            "children": [
              {
                "classname": "TextField",
                "name": null,
                "children": [],
                "options": {
                  "__type": "TextFieldSurrogate:#EditorCommon.JsonModel.Component.GUI",
                  "classname": "TextField",
                  "name": "txtBtnRoom1",
                  "ZOrder": 0,
                  "actiontag": 10496911,
                  "anchorPointX": 0.5,
                  "anchorPointY": 0.5,
                  "classType": "CocoStudio.EngineAdapterWrap.CSTextField",
                  "colorB": 255,
                  "colorG": 255,
                  "colorR": 255,
                  "customProperty": "",
                  "flipX": false,
                  "flipY": false,
                  "height": 23,
                  "ignoreSize": true,
                  "layoutParameter": null,
                  "opacity": 255,
                  "positionPercentX": -0.008,
                  "positionPercentY": 0.02,
                  "positionType": 0,
                  "rotation": 0,
                  "scaleX": 1,
                  "scaleY": 1,
                  "sizePercentX": 0.268,
                  "sizePercentY": 0.46,
                  "sizeType": 0,
                  "tag": 376,
                  "touchAble": false,
                  "useMergedTexture": false,
                  "visible": true,
                  "width": 67,
                  "x": -2,
                  "y": 1,
                  "areaHeight": 0,
                  "areaWidth": 0,
                  "fontFile": null,
                  "fontName": "微软雅黑",
                  "fontSize": 20,
                  "maxLength": 10,
                  "maxLengthEnable": false,
                  "passwordEnable": false,
                  "passwordStyleText": "*",
                  "placeHolder": "input words here",
                  "text": "Popular"
                }
              }
            ],
            "options": {
              "__type": "ButtonSurrogate:#EditorCommon.JsonModel.Component.GUI",
              "classname": "Button",
              "name": "btnZone1",
              "ZOrder": 5,
              "actiontag": 66078606,
              "anchorPointX": 0.5,
              "anchorPointY": 0.5,
              "classType": "CocoStudio.EngineAdapterWrap.CSButton",
              "colorB": 255,
              "colorG": 255,
              "colorR": 255,
              "customProperty": "",
              "flipX": false,
              "flipY": false,
              "height": 50,
              "ignoreSize": false,
              "layoutParameter": null,
              "opacity": 255,
              "positionPercentX": 0.1883871,
              "positionPercentY": 0.116363637,
              "positionType": 0,
              "rotation": 0,
              "scaleX": 1,
              "scaleY": 1,
              "sizePercentX": 0.322580636,
              "sizePercentY": 0.09090909,
              "sizeType": 0,
              "tag": 289,
              "touchAble": true,
              "useMergedTexture": false,
              "visible": true,
              "width": 250,
              "x": 146,
              "y": 64,
              "capInsetsHeight": 1,
              "capInsetsWidth": 1,
              "capInsetsX": 0,
              "capInsetsY": 0,
              "disabled": null,
              "disabledData": {
                "path": null,
                "plistFile": null,
                "resourceType": 0
              },
              "fontName": "微软雅黑",
              "fontSize": 14,
              "fontType": 0,
              "normal": null,
              "normalData": {
                "path": "popular.png",
                "plistFile": "",
                "resourceType": 0
              },
              "pressed": null,
              "pressedData": {
                "path": "popular_tap.png",
                "plistFile": "",
                "resourceType": 0
              },
              "scale9Enable": false,
              "scale9Height": 50,
              "scale9Width": 250,
              "text": "",
              "textColorB": 255,
              "textColorG": 255,
              "textColorR": 255
            }
          },
          {
            "classname": "Button",
            "name": null,
            "children": [
              {
                "classname": "TextField",
                "name": null,
                "children": [],
                "options": {
                  "__type": "TextFieldSurrogate:#EditorCommon.JsonModel.Component.GUI",
                  "classname": "TextField",
                  "name": "txtBtnRoom2",
                  "ZOrder": 0,
                  "actiontag": 21796647,
                  "anchorPointX": 0.5,
                  "anchorPointY": 0.5,
                  "classType": "CocoStudio.EngineAdapterWrap.CSTextField",
                  "colorB": 255,
                  "colorG": 255,
                  "colorR": 255,
                  "customProperty": "",
                  "flipX": false,
                  "flipY": false,
                  "height": 23,
                  "ignoreSize": true,
                  "layoutParameter": null,
                  "opacity": 255,
                  "positionPercentX": 0.016,
                  "positionPercentY": 0.02,
                  "positionType": 0,
                  "rotation": 0,
                  "scaleX": 1,
                  "scaleY": 1,
                  "sizePercentX": 0.348,
                  "sizePercentY": 0.46,
                  "sizeType": 0,
                  "tag": 377,
                  "touchAble": false,
                  "useMergedTexture": false,
                  "visible": true,
                  "width": 87,
                  "x": 4,
                  "y": 1,
                  "areaHeight": 0,
                  "areaWidth": 0,
                  "fontFile": null,
                  "fontName": "微软雅黑",
                  "fontSize": 20,
                  "maxLength": 10,
                  "maxLengthEnable": false,
                  "passwordEnable": false,
                  "passwordStyleText": "*",
                  "placeHolder": "input words here",
                  "text": "Millionaire"
                }
              }
            ],
            "options": {
              "__type": "ButtonSurrogate:#EditorCommon.JsonModel.Component.GUI",
              "classname": "Button",
              "name": "btnZone2",
              "ZOrder": 4,
              "actiontag": 14055177,
              "anchorPointX": 0.5,
              "anchorPointY": 0.5,
              "classType": "CocoStudio.EngineAdapterWrap.CSButton",
              "colorB": 255,
              "colorG": 255,
              "colorR": 255,
              "customProperty": "",
              "flipX": false,
              "flipY": false,
              "height": 50,
              "ignoreSize": false,
              "layoutParameter": null,
              "opacity": 255,
              "positionPercentX": 0.40387097,
              "positionPercentY": 0.116363637,
              "positionType": 0,
              "rotation": 0,
              "scaleX": 1,
              "scaleY": 1,
              "sizePercentX": 0.322580636,
              "sizePercentY": 0.09090909,
              "sizeType": 0,
              "tag": 290,
              "touchAble": true,
              "useMergedTexture": false,
              "visible": true,
              "width": 250,
              "x": 313,
              "y": 64,
              "capInsetsHeight": 1,
              "capInsetsWidth": 1,
              "capInsetsX": 0,
              "capInsetsY": 0,
              "disabled": null,
              "disabledData": {
                "path": null,
                "plistFile": null,
                "resourceType": 0
              },
              "fontName": "微软雅黑",
              "fontSize": 14,
              "fontType": 0,
              "normal": null,
              "normalData": {
                "path": "Milionaire.png",
                "plistFile": "",
                "resourceType": 0
              },
              "pressed": null,
              "pressedData": {
                "path": "Milionaire_tap.png",
                "plistFile": "",
                "resourceType": 0
              },
              "scale9Enable": false,
              "scale9Height": 50,
              "scale9Width": 250,
              "text": "",
              "textColorB": 255,
              "textColorG": 255,
              "textColorR": 255
            }
          },
          {
            "classname": "Button",
            "name": null,
            "children": [
              {
                "classname": "TextField",
                "name": null,
                "children": [],
                "options": {
                  "__type": "TextFieldSurrogate:#EditorCommon.JsonModel.Component.GUI",
                  "classname": "TextField",
                  "name": "txtBtnRoom3",
                  "ZOrder": 0,
                  "actiontag": 2490425,
                  "anchorPointX": 0.5,
                  "anchorPointY": 0.5,
                  "classType": "CocoStudio.EngineAdapterWrap.CSTextField",
                  "colorB": 255,
                  "colorG": 255,
                  "colorR": 255,
                  "customProperty": "",
                  "flipX": false,
                  "flipY": false,
                  "height": 23,
                  "ignoreSize": true,
                  "layoutParameter": null,
                  "opacity": 255,
                  "positionPercentX": 0.032,
                  "positionPercentY": 0.06,
                  "positionType": 0,
                  "rotation": 0,
                  "scaleX": 1,
                  "scaleY": 1,
                  "sizePercentX": 0.128,
                  "sizePercentY": 0.46,
                  "sizeType": 0,
                  "tag": 378,
                  "touchAble": false,
                  "useMergedTexture": false,
                  "visible": true,
                  "width": 32,
                  "x": 8,
                  "y": 3,
                  "areaHeight": 0,
                  "areaWidth": 0,
                  "fontFile": null,
                  "fontName": "微软雅黑",
                  "fontSize": 20,
                  "maxLength": 10,
                  "maxLengthEnable": false,
                  "passwordEnable": false,
                  "passwordStyleText": "*",
                  "placeHolder": "input words here",
                  "text": "VIP"
                }
              }
            ],
            "options": {
              "__type": "ButtonSurrogate:#EditorCommon.JsonModel.Component.GUI",
              "classname": "Button",
              "name": "btnZone3",
              "ZOrder": 3,
              "actiontag": 57259002,
              "anchorPointX": 0.5,
              "anchorPointY": 0.5,
              "classType": "CocoStudio.EngineAdapterWrap.CSButton",
              "colorB": 255,
              "colorG": 255,
              "colorR": 255,
              "customProperty": "",
              "flipX": false,
              "flipY": false,
              "height": 50,
              "ignoreSize": false,
              "layoutParameter": null,
              "opacity": 255,
              "positionPercentX": 0.6296774,
              "positionPercentY": 0.116363637,
              "positionType": 0,
              "rotation": 0,
              "scaleX": 1,
              "scaleY": 1,
              "sizePercentX": 0.322580636,
              "sizePercentY": 0.09090909,
              "sizeType": 0,
              "tag": 291,
              "touchAble": true,
              "useMergedTexture": false,
              "visible": true,
              "width": 250,
              "x": 488,
              "y": 64,
              "capInsetsHeight": 1,
              "capInsetsWidth": 1,
              "capInsetsX": 0,
              "capInsetsY": 0,
              "disabled": null,
              "disabledData": {
                "path": null,
                "plistFile": null,
                "resourceType": 0
              },
              "fontName": "微软雅黑",
              "fontSize": 14,
              "fontType": 0,
              "normal": null,
              "normalData": {
                "path": "VIP.png",
                "plistFile": "",
                "resourceType": 0
              },
              "pressed": null,
              "pressedData": {
                "path": "VIP_tap.png",
                "plistFile": "",
                "resourceType": 0
              },
              "scale9Enable": false,
              "scale9Height": 50,
              "scale9Width": 250,
              "text": "",
              "textColorB": 255,
              "textColorG": 255,
              "textColorR": 255
            }
          },
          {
            "classname": "Button",
            "name": null,
            "children": [
              {
                "classname": "TextField",
                "name": null,
                "children": [],
                "options": {
                  "__type": "TextFieldSurrogate:#EditorCommon.JsonModel.Component.GUI",
                  "classname": "TextField",
                  "name": "txtBtnRoom4",
                  "ZOrder": 0,
                  "actiontag": 54683413,
                  "anchorPointX": 0.5,
                  "anchorPointY": 0.5,
                  "classType": "CocoStudio.EngineAdapterWrap.CSTextField",
                  "colorB": 255,
                  "colorG": 255,
                  "colorR": 255,
                  "customProperty": "",
                  "flipX": false,
                  "flipY": false,
                  "height": 23,
                  "ignoreSize": true,
                  "layoutParameter": null,
                  "opacity": 255,
                  "positionPercentX": 0.116,
                  "positionPercentY": 0.02,
                  "positionType": 0,
                  "rotation": 0,
                  "scaleX": 1,
                  "scaleY": 1,
                  "sizePercentX": 0.38,
                  "sizePercentY": 0.46,
                  "sizeType": 0,
                  "tag": 379,
                  "touchAble": false,
                  "useMergedTexture": false,
                  "visible": true,
                  "width": 95,
                  "x": 29,
                  "y": 1,
                  "areaHeight": 0,
                  "areaWidth": 0,
                  "fontFile": null,
                  "fontName": "微软雅黑",
                  "fontSize": 20,
                  "maxLength": 10,
                  "maxLengthEnable": false,
                  "passwordEnable": false,
                  "passwordStyleText": "*",
                  "placeHolder": "input words here",
                  "text": "Tounament"
                }
              }
            ],
            "options": {
              "__type": "ButtonSurrogate:#EditorCommon.JsonModel.Component.GUI",
              "classname": "Button",
              "name": "btnZone4",
              "ZOrder": 2,
              "actiontag": 41143276,
              "anchorPointX": 0.5,
              "anchorPointY": 0.5,
              "classType": "CocoStudio.EngineAdapterWrap.CSButton",
              "colorB": 255,
              "colorG": 255,
              "colorR": 255,
              "customProperty": "",
              "flipX": false,
              "flipY": false,
              "height": 50,
              "ignoreSize": false,
              "layoutParameter": null,
              "opacity": 255,
              "positionPercentX": 0.819354832,
              "positionPercentY": 0.116363637,
              "positionType": 0,
              "rotation": 0,
              "scaleX": 1,
              "scaleY": 1,
              "sizePercentX": 0.322580636,
              "sizePercentY": 0.09090909,
              "sizeType": 0,
              "tag": 292,
              "touchAble": true,
              "useMergedTexture": false,
              "visible": true,
              "width": 250,
              "x": 635,
              "y": 64,
              "capInsetsHeight": 1,
              "capInsetsWidth": 1,
              "capInsetsX": 0,
              "capInsetsY": 0,
              "disabled": null,
              "disabledData": {
                "path": null,
                "plistFile": null,
                "resourceType": 0
              },
              "fontName": "微软雅黑",
              "fontSize": 14,
              "fontType": 0,
              "normal": null,
              "normalData": {
                "path": "tournament.png",
                "plistFile": "",
                "resourceType": 0
              },
              "pressed": null,
              "pressedData": {
                "path": "tournament_tap.png",
                "plistFile": "",
                "resourceType": 0
              },
              "scale9Enable": false,
              "scale9Height": 50,
              "scale9Width": 250,
              "text": "",
              "textColorB": 255,
              "textColorG": 255,
              "textColorR": 255
            }
          }
        ],
        "options": {
          "__type": "PanelSurrogate:#EditorCommon.JsonModel.Component.GUI",
          "classname": "Panel",
          "name": "pnlRooms",
          "ZOrder": 1,
          "actiontag": 65567591,
          "anchorPointX": 0,
          "anchorPointY": 0,
          "classType": "CocoStudio.EngineAdapterWrap.CSPanel",
          "colorB": 255,
          "colorG": 255,
          "colorR": 255,
          "customProperty": "",
          "flipX": false,
          "flipY": false,
          "height": 550,
          "ignoreSize": false,
          "layoutParameter": null,
          "opacity": 255,
          "positionPercentX": 0.183333337,
          "positionPercentY": 0.0109375,
          "positionType": 0,
          "rotation": 0,
          "scaleX": 1,
          "scaleY": 1,
          "sizePercentX": 0.8072917,
          "sizePercentY": 0.859375,
          "sizeType": 0,
          "tag": 674,
          "touchAble": false,
          "useMergedTexture": false,
          "visible": true,
          "width": 775,
          "x": 176,
          "y": 7,
          "adaptScreen": false,
          "backGroundImage": null,
          "backGroundImageData": null,
          "backGroundScale9Enable": true,
          "bgColorB": 255,
          "bgColorG": 200,
          "bgColorOpacity": 100,
          "bgColorR": 150,
          "bgEndColorB": 255,
          "bgEndColorG": 200,
          "bgEndColorR": 150,
          "bgStartColorB": 255,
          "bgStartColorG": 255,
          "bgStartColorR": 255,
          "capInsetsHeight": 1,
          "capInsetsWidth": 1,
          "capInsetsX": 0,
          "capInsetsY": 0,
          "clipAble": false,
          "colorType": 0,
          "layoutType": 0,
          "vectorX": 0,
          "vectorY": -0.5
        }
      },
      {
        "classname": "ImageView",
        "name": null,
        "children": [],
        "options": {
          "__type": "ImageViewSurrogate:#EditorCommon.JsonModel.Component.GUI",
          "classname": "ImageView",
          "name": "imgGame",
          "ZOrder": 0,
          "actiontag": 57329638,
          "anchorPointX": 0.5,
          "anchorPointY": 0.5,
          "classType": "CocoStudio.EngineAdapterWrap.CSImageView",
          "colorB": 255,
          "colorG": 255,
          "colorR": 255,
          "customProperty": "",
          "flipX": false,
          "flipY": false,
          "height": 265,
          "ignoreSize": true,
          "layoutParameter": null,
          "opacity": 255,
          "positionPercentX": 0.104166664,
          "positionPercentY": 0.215625,
          "positionType": 0,
          "rotation": 0,
          "scaleX": 0.8,
          "scaleY": 0.8,
          "sizePercentX": 0.271875,
          "sizePercentY": 0.4140625,
          "sizeType": 0,
          "tag": 1453,
          "touchAble": false,
          "useMergedTexture": false,
          "visible": true,
          "width": 261,
          "x": 100,
          "y": 138,
          "capInsetsHeight": 1,
          "capInsetsWidth": 1,
          "capInsetsX": 0,
          "capInsetsY": 0,
          "fileName": null,
          "fileNameData": {
            "path": "susun_tap.png",
            "plistFile": "",
            "resourceType": 0
          },
          "scale9Enable": false,
          "scale9Height": 265,
          "scale9Width": 261
        }
      },
      {
        "classname": "ImageView",
        "name": null,
        "children": [],
        "options": {
          "__type": "ImageViewSurrogate:#EditorCommon.JsonModel.Component.GUI",
          "classname": "ImageView",
          "name": "Image_47",
          "ZOrder": 0,
          "actiontag": 49765337,
          "anchorPointX": 0.5,
          "anchorPointY": 0.5,
          "classType": "CocoStudio.EngineAdapterWrap.CSImageView",
          "colorB": 255,
          "colorG": 255,
          "colorR": 255,
          "customProperty": "",
          "flipX": false,
          "flipY": false,
          "height": 133,
          "ignoreSize": true,
          "layoutParameter": null,
          "opacity": 255,
          "positionPercentX": 0.6666667,
          "positionPercentY": 0.9078125,
          "positionType": 0,
          "rotation": 0,
          "scaleX": 1,
          "scaleY": 1,
          "sizePercentX": 1.33333337,
          "sizePercentY": 0.2078125,
          "sizeType": 0,
          "tag": 13863,
          "touchAble": false,
          "useMergedTexture": false,
          "visible": true,
          "width": 1280,
          "x": 640,
          "y": 581,
          "capInsetsHeight": 1,
          "capInsetsWidth": 1,
          "capInsetsX": 0,
          "capInsetsY": 0,
          "fileName": null,
          "fileNameData": {
            "path": "menu_head.png",
            "plistFile": "",
            "resourceType": 0
          },
          "scale9Enable": false,
          "scale9Height": 133,
          "scale9Width": 1280
        }
      }
    ],
    "options": {
      "__type": "PanelSurrogate:#EditorCommon.JsonModel.Component.GUI",
      "classname": "Panel",
      "name": "Panel_128",
      "ZOrder": 0,
      "actiontag": -1,
      "anchorPointX": 0,
      "anchorPointY": 0,
      "classType": "CocoStudio.EngineAdapterWrap.CSPanel",
      "colorB": 255,
      "colorG": 255,
      "colorR": 255,
      "customProperty": "",
      "flipX": false,
      "flipY": false,
      "height": 640,
      "ignoreSize": false,
      "layoutParameter": null,
      "opacity": 255,
      "positionPercentX": 0,
      "positionPercentY": 0,
      "positionType": 0,
      "rotation": 0,
      "scaleX": 1,
      "scaleY": 1,
      "sizePercentX": 1,
      "sizePercentY": 1,
      "sizeType": 0,
      "tag": 272,
      "touchAble": true,
      "useMergedTexture": false,
      "visible": true,
      "width": 960,
      "x": 0,
      "y": 0,
      "adaptScreen": false,
      "backGroundImage": null,
      "backGroundImageData": null,
      "backGroundScale9Enable": false,
      "bgColorB": 255,
      "bgColorG": 200,
      "bgColorOpacity": 0,
      "bgColorR": 150,
      "bgEndColorB": 255,
      "bgEndColorG": 200,
      "bgEndColorR": 150,
      "bgStartColorB": 255,
      "bgStartColorG": 255,
      "bgStartColorR": 255,
      "capInsetsHeight": 1,
      "capInsetsWidth": 1,
      "capInsetsX": 0,
      "capInsetsY": 0,
      "clipAble": false,
      "colorType": 1,
      "layoutType": 0,
      "vectorX": 0,
      "vectorY": -0.5
    }
  }
}