{
  "classname": null,
  "name": null,
  "animation": {
    "classname": null,
    "name": "AnimationManager",
    "actionlist": []
  },
  "dataScale": 1,
  "designHeight": 320,
  "designWidth": 480,
  "textures": [],
  "texturesPng": [
    "game1.png",
    "banting_tap.png",
    "game2.png",
    "susun_tap.png",
    "game3.png",
    "normal_btn.png",
    "normal_btn_tap.png",
    "home.png",
    "Icon-152.png",
    "menu_head.png"
  ],
  "version": "1.6.0.0",
  "widgetTree": {
    "classname": "Panel",
    "name": null,
    "children": [
      {
        "classname": "ImageView",
        "name": null,
        "children": [
          {
            "classname": "ImageView",
            "name": null,
            "children": [],
            "options": {
              "__type": "ImageViewSurrogate:#EditorCommon.JsonModel.Component.GUI",
              "classname": "ImageView",
              "name": "imgAvatar",
              "ZOrder": 0,
              "actiontag": 48952845,
              "anchorPointX": 0.5,
              "anchorPointY": 0.5,
              "classType": "CocoStudio.EngineAdapterWrap.CSImageView",
              "colorB": 255,
              "colorG": 255,
              "colorR": 255,
              "customProperty": "",
              "flipX": false,
              "flipY": false,
              "height": 113,
              "ignoreSize": true,
              "layoutParameter": null,
              "opacity": 255,
              "positionPercentX": -0.221254349,
              "positionPercentY": 0.108571425,
              "positionType": 0,
              "rotation": 0,
              "scaleX": 1,
              "scaleY": 1,
              "sizePercentX": 0.195121944,
              "sizePercentY": 0.322857141,
              "sizeType": 0,
              "tag": 8557,
              "touchAble": false,
              "useMergedTexture": false,
              "visible": true,
              "width": 112,
              "x": -127,
              "y": 38,
              "capInsetsHeight": 1,
              "capInsetsWidth": 1,
              "capInsetsX": 0,
              "capInsetsY": 0,
              "fileName": null,
              "fileNameData": {
                "path": "avatar.png",
                "plistFile": "",
                "resourceType": 0
              },
              "scale9Enable": false,
              "scale9Height": 113,
              "scale9Width": 112
            }
          },
          {
            "classname": "LabelBMFont",
            "name": null,
            "children": [],
            "options": {
              "__type": "LabelBMFontSurrogate:#EditorCommon.JsonModel.Component.GUI",
              "classname": "LabelBMFont",
              "name": "bmfPlayerName",
              "ZOrder": 0,
              "actiontag": 9664231,
              "anchorPointX": 0,
              "anchorPointY": 0.5,
              "classType": "CocoStudio.EngineAdapterWrap.CSLabelBMFont",
              "colorB": 255,
              "colorG": 255,
              "colorR": 255,
              "customProperty": "",
              "flipX": false,
              "flipY": false,
              "height": 40,
              "ignoreSize": true,
              "layoutParameter": null,
              "opacity": 255,
              "positionPercentX": -0.0993031338,
              "positionPercentY": 0.225714281,
              "positionType": 0,
              "rotation": 0,
              "scaleX": 1,
              "scaleY": 1,
              "sizePercentX": 0.348432064,
              "sizePercentY": 0.114285715,
              "sizeType": 0,
              "tag": 8558,
              "touchAble": false,
              "useMergedTexture": false,
              "visible": true,
              "width": 200,
              "x": -57,
              "y": 79,
              "fileNameData": {
                "path": "bf5-export.fnt",
                "plistFile": "",
                "resourceType": 0
              },
              "text": "Player Name "
            }
          },
          {
            "classname": "LabelBMFont",
            "name": null,
            "children": [],
            "options": {
              "__type": "LabelBMFontSurrogate:#EditorCommon.JsonModel.Component.GUI",
              "classname": "LabelBMFont",
              "name": "bmfMoney",
              "ZOrder": 0,
              "actiontag": 50602281,
              "anchorPointX": 0,
              "anchorPointY": 0.5,
              "classType": "CocoStudio.EngineAdapterWrap.CSLabelBMFont",
              "colorB": 255,
              "colorG": 255,
              "colorR": 255,
              "customProperty": "",
              "flipX": false,
              "flipY": false,
              "height": 40,
              "ignoreSize": true,
              "layoutParameter": null,
              "opacity": 255,
              "positionPercentX": -0.09059233,
              "positionPercentY": 0.09714286,
              "positionType": 0,
              "rotation": 0,
              "scaleX": 1,
              "scaleY": 1,
              "sizePercentX": 0.325783968,
              "sizePercentY": 0.114285715,
              "sizeType": 0,
              "tag": 8559,
              "touchAble": false,
              "useMergedTexture": false,
              "visible": true,
              "width": 187,
              "x": -52,
              "y": 34,
              "fileNameData": {
                "path": "bf2-export.fnt",
                "plistFile": "",
                "resourceType": 0
              },
              "text": "999.999.999"
            }
          },
          {
            "classname": "LabelBMFont",
            "name": null,
            "children": [],
            "options": {
              "__type": "LabelBMFontSurrogate:#EditorCommon.JsonModel.Component.GUI",
              "classname": "LabelBMFont",
              "name": "BitmapLabel_9",
              "ZOrder": 0,
              "actiontag": 60737278,
              "anchorPointX": 0.5,
              "anchorPointY": 0.5,
              "classType": "CocoStudio.EngineAdapterWrap.CSLabelBMFont",
              "colorB": 255,
              "colorG": 255,
              "colorR": 255,
              "customProperty": "",
              "flipX": false,
              "flipY": false,
              "height": 40,
              "ignoreSize": true,
              "layoutParameter": null,
              "opacity": 255,
              "positionPercentX": 0.121951222,
              "positionPercentY": -0.237142861,
              "positionType": 0,
              "rotation": 0,
              "scaleX": 0.799999952,
              "scaleY": 0.799999952,
              "sizePercentX": 0.120209061,
              "sizePercentY": 0.114285715,
              "sizeType": 0,
              "tag": 8560,
              "touchAble": false,
              "useMergedTexture": false,
              "visible": true,
              "width": 69,
              "x": 70,
              "y": -83,
              "fileNameData": {
                "path": "bf4-export.fnt",
                "plistFile": "",
                "resourceType": 0
              },
              "text": "Win"
            }
          },
          {
            "classname": "LabelBMFont",
            "name": null,
            "children": [],
            "options": {
              "__type": "LabelBMFontSurrogate:#EditorCommon.JsonModel.Component.GUI",
              "classname": "LabelBMFont",
              "name": "bmfWin",
              "ZOrder": 0,
              "actiontag": 48459187,
              "anchorPointX": 0,
              "anchorPointY": 0.5,
              "classType": "CocoStudio.EngineAdapterWrap.CSLabelBMFont",
              "colorB": 255,
              "colorG": 255,
              "colorR": 255,
              "customProperty": "",
              "flipX": false,
              "flipY": false,
              "height": 40,
              "ignoreSize": true,
              "layoutParameter": null,
              "opacity": 255,
              "positionPercentX": 0.188153312,
              "positionPercentY": -0.24,
              "positionType": 0,
              "rotation": 0,
              "scaleX": 0.799999952,
              "scaleY": 0.799999952,
              "sizePercentX": 0.102787457,
              "sizePercentY": 0.114285715,
              "sizeType": 0,
              "tag": 8561,
              "touchAble": false,
              "useMergedTexture": false,
              "visible": true,
              "width": 59,
              "x": 108,
              "y": -84,
              "fileNameData": {
                "path": "bf3-export.fnt",
                "plistFile": "",
                "resourceType": 0
              },
              "text": "999"
            }
          },
          {
            "classname": "LabelBMFont",
            "name": null,
            "children": [],
            "options": {
              "__type": "LabelBMFontSurrogate:#EditorCommon.JsonModel.Component.GUI",
              "classname": "LabelBMFont",
              "name": "BitmapLabel_9_0",
              "ZOrder": 0,
              "actiontag": 39438308,
              "anchorPointX": 0.5,
              "anchorPointY": 0.5,
              "classType": "CocoStudio.EngineAdapterWrap.CSLabelBMFont",
              "colorB": 255,
              "colorG": 255,
              "colorR": 255,
              "customProperty": "",
              "flipX": false,
              "flipY": false,
              "height": 40,
              "ignoreSize": true,
              "layoutParameter": null,
              "opacity": 255,
              "positionPercentX": -0.191637635,
              "positionPercentY": -0.24,
              "positionType": 0,
              "rotation": 0,
              "scaleX": 0.799999952,
              "scaleY": 0.799999952,
              "sizePercentX": 0.142857149,
              "sizePercentY": 0.114285715,
              "sizeType": 0,
              "tag": 8564,
              "touchAble": false,
              "useMergedTexture": false,
              "visible": true,
              "width": 82,
              "x": -110,
              "y": -84,
              "fileNameData": {
                "path": "bf4-export.fnt",
                "plistFile": "",
                "resourceType": 0
              },
              "text": "Total"
            }
          },
          {
            "classname": "LabelBMFont",
            "name": null,
            "children": [],
            "options": {
              "__type": "LabelBMFontSurrogate:#EditorCommon.JsonModel.Component.GUI",
              "classname": "LabelBMFont",
              "name": "bmfTotal",
              "ZOrder": 0,
              "actiontag": 19400459,
              "anchorPointX": 0,
              "anchorPointY": 0.5,
              "classType": "CocoStudio.EngineAdapterWrap.CSLabelBMFont",
              "colorB": 255,
              "colorG": 255,
              "colorR": 255,
              "customProperty": "",
              "flipX": false,
              "flipY": false,
              "height": 40,
              "ignoreSize": true,
              "layoutParameter": null,
              "opacity": 255,
              "positionPercentX": -0.106271774,
              "positionPercentY": -0.245714292,
              "positionType": 0,
              "rotation": 0,
              "scaleX": 0.799999952,
              "scaleY": 0.799999952,
              "sizePercentX": 0.102787457,
              "sizePercentY": 0.114285715,
              "sizeType": 0,
              "tag": 8565,
              "touchAble": false,
              "useMergedTexture": false,
              "visible": true,
              "width": 59,
              "x": -61,
              "y": -86,
              "fileNameData": {
                "path": "bf4-export.fnt",
                "plistFile": "",
                "resourceType": 0
              },
              "text": "999"
            }
          },
          {
            "classname": "LabelBMFont",
            "name": null,
            "children": [],
            "options": {
              "__type": "LabelBMFontSurrogate:#EditorCommon.JsonModel.Component.GUI",
              "classname": "LabelBMFont",
              "name": "BitmapLabel_9_1",
              "ZOrder": 0,
              "actiontag": 42389286,
              "anchorPointX": 0.5,
              "anchorPointY": 0.5,
              "classType": "CocoStudio.EngineAdapterWrap.CSLabelBMFont",
              "colorB": 255,
              "colorG": 255,
              "colorR": 255,
              "customProperty": "",
              "flipX": false,
              "flipY": false,
              "height": 40,
              "ignoreSize": true,
              "layoutParameter": null,
              "opacity": 255,
              "positionPercentX": 0.2630662,
              "positionPercentY": -0.122857146,
              "positionType": 0,
              "rotation": 0,
              "scaleX": 0.5999999,
              "scaleY": 0.5999999,
              "sizePercentX": 0.0993031338,
              "sizePercentY": 0.114285715,
              "sizeType": 0,
              "tag": 8570,
              "touchAble": false,
              "useMergedTexture": false,
              "visible": true,
              "width": 57,
              "x": 151,
              "y": -43,
              "fileNameData": {
                "path": "bf4-export.fnt",
                "plistFile": "",
                "resourceType": 0
              },
              "text": "Exp"
            }
          },
          {
            "classname": "LabelBMFont",
            "name": null,
            "children": [],
            "options": {
              "__type": "LabelBMFontSurrogate:#EditorCommon.JsonModel.Component.GUI",
              "classname": "LabelBMFont",
              "name": "bmfExp",
              "ZOrder": 0,
              "actiontag": 45959257,
              "anchorPointX": 0,
              "anchorPointY": 0.5,
              "classType": "CocoStudio.EngineAdapterWrap.CSLabelBMFont",
              "colorB": 255,
              "colorG": 255,
              "colorR": 255,
              "customProperty": "",
              "flipX": false,
              "flipY": false,
              "height": 40,
              "ignoreSize": true,
              "layoutParameter": null,
              "opacity": 255,
              "positionPercentX": 0.310104519,
              "positionPercentY": -0.128571436,
              "positionType": 0,
              "rotation": 0,
              "scaleX": 0.5999999,
              "scaleY": 0.5999999,
              "sizePercentX": 0.102787457,
              "sizePercentY": 0.114285715,
              "sizeType": 0,
              "tag": 8571,
              "touchAble": false,
              "useMergedTexture": false,
              "visible": true,
              "width": 59,
              "x": 178,
              "y": -45,
              "fileNameData": {
                "path": "bf3-export.fnt",
                "plistFile": "",
                "resourceType": 0
              },
              "text": "999"
            }
          },
          {
            "classname": "LabelBMFont",
            "name": null,
            "children": [],
            "options": {
              "__type": "LabelBMFontSurrogate:#EditorCommon.JsonModel.Component.GUI",
              "classname": "LabelBMFont",
              "name": "BitmapLabel_9_0_1",
              "ZOrder": 0,
              "actiontag": 10980135,
              "anchorPointX": 0.5,
              "anchorPointY": 0.5,
              "classType": "CocoStudio.EngineAdapterWrap.CSLabelBMFont",
              "colorB": 255,
              "colorG": 255,
              "colorR": 255,
              "customProperty": "",
              "flipX": false,
              "flipY": false,
              "height": 40,
              "ignoreSize": true,
              "layoutParameter": null,
              "opacity": 255,
              "positionPercentX": -0.048780486,
              "positionPercentY": -0.0542857125,
              "positionType": 0,
              "rotation": 0,
              "scaleX": 0.6,
              "scaleY": 0.6,
              "sizePercentX": 0.148083627,
              "sizePercentY": 0.114285715,
              "sizeType": 0,
              "tag": 8572,
              "touchAble": false,
              "useMergedTexture": false,
              "visible": true,
              "width": 85,
              "x": -28,
              "y": -19,
              "fileNameData": {
                "path": "bf4-export.fnt",
                "plistFile": "",
                "resourceType": 0
              },
              "text": "Level"
            }
          },
          {
            "classname": "LabelBMFont",
            "name": null,
            "children": [],
            "options": {
              "__type": "LabelBMFontSurrogate:#EditorCommon.JsonModel.Component.GUI",
              "classname": "LabelBMFont",
              "name": "bmfLevel",
              "ZOrder": 0,
              "actiontag": 31712351,
              "anchorPointX": 0,
              "anchorPointY": 0.5,
              "classType": "CocoStudio.EngineAdapterWrap.CSLabelBMFont",
              "colorB": 255,
              "colorG": 255,
              "colorR": 255,
              "customProperty": "",
              "flipX": false,
              "flipY": false,
              "height": 40,
              "ignoreSize": true,
              "layoutParameter": null,
              "opacity": 255,
              "positionPercentX": 0.0139372824,
              "positionPercentY": -0.0542857125,
              "positionType": 0,
              "rotation": 0,
              "scaleX": 0.5999999,
              "scaleY": 0.5999999,
              "sizePercentX": 0.102787457,
              "sizePercentY": 0.114285715,
              "sizeType": 0,
              "tag": 8573,
              "touchAble": false,
              "useMergedTexture": false,
              "visible": true,
              "width": 59,
              "x": 8,
              "y": -19,
              "fileNameData": {
                "path": "bf3-export.fnt",
                "plistFile": "",
                "resourceType": 0
              },
              "text": "999"
            }
          },
          {
            "classname": "ImageView",
            "name": null,
            "children": [],
            "options": {
              "__type": "ImageViewSurrogate:#EditorCommon.JsonModel.Component.GUI",
              "classname": "ImageView",
              "name": "Image_23",
              "ZOrder": 0,
              "actiontag": 56057524,
              "anchorPointX": 0.5,
              "anchorPointY": 0.5,
              "classType": "CocoStudio.EngineAdapterWrap.CSImageView",
              "colorB": 255,
              "colorG": 255,
              "colorR": 255,
              "customProperty": "",
              "flipX": false,
              "flipY": false,
              "height": 17,
              "ignoreSize": true,
              "layoutParameter": null,
              "opacity": 255,
              "positionPercentX": 0.06097561,
              "positionPercentY": -0.134285718,
              "positionType": 0,
              "rotation": 0,
              "scaleX": 1,
              "scaleY": 1,
              "sizePercentX": 0.310104519,
              "sizePercentY": 0.04857143,
              "sizeType": 0,
              "tag": 8574,
              "touchAble": false,
              "useMergedTexture": false,
              "visible": true,
              "width": 178,
              "x": 35,
              "y": -47,
              "capInsetsHeight": 1,
              "capInsetsWidth": 1,
              "capInsetsX": 0,
              "capInsetsY": 0,
              "fileName": null,
              "fileNameData": {
                "path": "expbase.png",
                "plistFile": "",
                "resourceType": 0
              },
              "scale9Enable": false,
              "scale9Height": 17,
              "scale9Width": 178
            }
          },
          {
            "classname": "Button",
            "name": null,
            "children": [],
            "options": {
              "__type": "ButtonSurrogate:#EditorCommon.JsonModel.Component.GUI",
              "classname": "Button",
              "name": "btnEdit",
              "ZOrder": 0,
              "actiontag": 62035190,
              "anchorPointX": 0.5,
              "anchorPointY": 0.5,
              "classType": "CocoStudio.EngineAdapterWrap.CSButton",
              "colorB": 255,
              "colorG": 255,
              "colorR": 255,
              "customProperty": "",
              "flipX": false,
              "flipY": false,
              "height": 40,
              "ignoreSize": false,
              "layoutParameter": null,
              "opacity": 255,
              "positionPercentX": 0.37108013,
              "positionPercentY": 0.191428572,
              "positionType": 0,
              "rotation": 0,
              "scaleX": 1,
              "scaleY": 1,
              "sizePercentX": 0.139372826,
              "sizePercentY": 0.114285715,
              "sizeType": 0,
              "tag": 14234,
              "touchAble": true,
              "useMergedTexture": false,
              "visible": true,
              "width": 80,
              "x": 213,
              "y": 67,
              "capInsetsHeight": 1,
              "capInsetsWidth": 1,
              "capInsetsX": 0,
              "capInsetsY": 0,
              "disabled": null,
              "disabledData": {
                "path": "btn_red.png",
                "plistFile": "",
                "resourceType": 0
              },
              "fontName": "微软雅黑",
              "fontSize": 20,
              "fontType": 0,
              "normal": null,
              "normalData": {
                "path": "btn_red.png",
                "plistFile": "",
                "resourceType": 0
              },
              "pressed": null,
              "pressedData": {
                "path": "btn_red_tap.png",
                "plistFile": "",
                "resourceType": 0
              },
              "scale9Enable": false,
              "scale9Height": 40,
              "scale9Width": 80,
              "text": "Edit",
              "textColorB": 255,
              "textColorG": 255,
              "textColorR": 255
            }
          }
        ],
        "options": {
          "__type": "ImageViewSurrogate:#EditorCommon.JsonModel.Component.GUI",
          "classname": "ImageView",
          "name": "background",
          "ZOrder": 0,
          "actiontag": 37726520,
          "anchorPointX": 0.5,
          "anchorPointY": 0.5,
          "classType": "CocoStudio.EngineAdapterWrap.CSImageView",
          "colorB": 255,
          "colorG": 255,
          "colorR": 255,
          "customProperty": "",
          "flipX": false,
          "flipY": false,
          "height": 350,
          "ignoreSize": true,
          "layoutParameter": null,
          "opacity": 255,
          "positionPercentX": 0.5,
          "positionPercentY": 0.5,
          "positionType": 0,
          "rotation": 0,
          "scaleX": 1,
          "scaleY": 1,
          "sizePercentX": 1.19583333,
          "sizePercentY": 1.09375,
          "sizeType": 0,
          "tag": 8552,
          "touchAble": true,
          "useMergedTexture": false,
          "visible": true,
          "width": 574,
          "x": 240,
          "y": 160,
          "capInsetsHeight": 1,
          "capInsetsWidth": 1,
          "capInsetsX": 0,
          "capInsetsY": 0,
          "fileName": null,
          "fileNameData": {
            "path": "small_popup.png",
            "plistFile": "",
            "resourceType": 0
          },
          "scale9Enable": false,
          "scale9Height": 350,
          "scale9Width": 574
        }
      },
      {
        "classname": "Button",
        "name": null,
        "children": [
          {
            "classname": "LabelBMFont",
            "name": null,
            "children": [],
            "options": {
              "__type": "LabelBMFontSurrogate:#EditorCommon.JsonModel.Component.GUI",
              "classname": "LabelBMFont",
              "name": "bmfClose",
              "ZOrder": 0,
              "actiontag": 7584001,
              "anchorPointX": 0.5,
              "anchorPointY": 0.5,
              "classType": "CocoStudio.EngineAdapterWrap.CSLabelBMFont",
              "colorB": 255,
              "colorG": 255,
              "colorR": 255,
              "customProperty": "",
              "flipX": false,
              "flipY": false,
              "height": 40,
              "ignoreSize": true,
              "layoutParameter": null,
              "opacity": 255,
              "positionPercentX": 0,
              "positionPercentY": 0.125,
              "positionType": 0,
              "rotation": 0,
              "scaleX": 1,
              "scaleY": 1,
              "sizePercentX": 0.602409661,
              "sizePercentY": 0.5555556,
              "sizeType": 0,
              "tag": 8554,
              "touchAble": false,
              "useMergedTexture": false,
              "visible": true,
              "width": 100,
              "x": 0,
              "y": 9,
              "fileNameData": {
                "path": "bf0-export.fnt",
                "plistFile": "",
                "resourceType": 0
              },
              "text": "CLOSE"
            }
          }
        ],
        "options": {
          "__type": "ButtonSurrogate:#EditorCommon.JsonModel.Component.GUI",
          "classname": "Button",
          "name": "btnClose",
          "ZOrder": 0,
          "actiontag": 13242257,
          "anchorPointX": 0.5,
          "anchorPointY": 0.5,
          "classType": "CocoStudio.EngineAdapterWrap.CSButton",
          "colorB": 255,
          "colorG": 255,
          "colorR": 255,
          "customProperty": "",
          "flipX": false,
          "flipY": false,
          "height": 72,
          "ignoreSize": true,
          "layoutParameter": null,
          "opacity": 255,
          "positionPercentX": 0.5,
          "positionPercentY": 0,
          "positionType": 0,
          "rotation": 0,
          "scaleX": 1,
          "scaleY": 1,
          "sizePercentX": 0.345833331,
          "sizePercentY": 0.225,
          "sizeType": 0,
          "tag": 8553,
          "touchAble": true,
          "useMergedTexture": false,
          "visible": true,
          "width": 166,
          "x": 240,
          "y": 0,
          "capInsetsHeight": 1,
          "capInsetsWidth": 1,
          "capInsetsX": 0,
          "capInsetsY": 0,
          "disabled": null,
          "disabledData": {
            "path": null,
            "plistFile": null,
            "resourceType": 0
          },
          "fontName": "微软雅黑",
          "fontSize": 14,
          "fontType": 0,
          "normal": null,
          "normalData": {
            "path": "btn_blue.png",
            "plistFile": "",
            "resourceType": 0
          },
          "pressed": null,
          "pressedData": {
            "path": "btn_blue_tap.png",
            "plistFile": "",
            "resourceType": 0
          },
          "scale9Enable": false,
          "scale9Height": 72,
          "scale9Width": 166,
          "text": "",
          "textColorB": 255,
          "textColorG": 255,
          "textColorR": 255
        }
      },
      {
        "classname": "LabelBMFont",
        "name": null,
        "children": [],
        "options": {
          "__type": "LabelBMFontSurrogate:#EditorCommon.JsonModel.Component.GUI",
          "classname": "LabelBMFont",
          "name": "bmfTitle",
          "ZOrder": 1,
          "actiontag": 62193,
          "anchorPointX": 0.5,
          "anchorPointY": 0.5,
          "classType": "CocoStudio.EngineAdapterWrap.CSLabelBMFont",
          "colorB": 255,
          "colorG": 255,
          "colorR": 255,
          "customProperty": "",
          "flipX": false,
          "flipY": false,
          "height": 40,
          "ignoreSize": true,
          "layoutParameter": null,
          "opacity": 255,
          "positionPercentX": 0.5,
          "positionPercentY": 0.959375,
          "positionType": 0,
          "rotation": 0,
          "scaleX": 1,
          "scaleY": 1,
          "sizePercentX": 0.160416663,
          "sizePercentY": 0.125,
          "sizeType": 0,
          "tag": 8556,
          "touchAble": false,
          "useMergedTexture": false,
          "visible": true,
          "width": 77,
          "x": 240,
          "y": 307,
          "fileNameData": {
            "path": "bf0-export.fnt",
            "plistFile": "",
            "resourceType": 0
          },
          "text": "INFO"
        }
      },
      {
        "classname": "ImageView",
        "name": null,
        "children": [],
        "options": {
          "__type": "ImageViewSurrogate:#EditorCommon.JsonModel.Component.GUI",
          "classname": "ImageView",
          "name": "Image_4",
          "ZOrder": 0,
          "actiontag": 54998492,
          "anchorPointX": 0.5,
          "anchorPointY": 0.5,
          "classType": "CocoStudio.EngineAdapterWrap.CSImageView",
          "colorB": 255,
          "colorG": 255,
          "colorR": 255,
          "customProperty": "",
          "flipX": false,
          "flipY": false,
          "height": 61,
          "ignoreSize": true,
          "layoutParameter": null,
          "opacity": 255,
          "positionPercentX": 0.5,
          "positionPercentY": 0.934375,
          "positionType": 0,
          "rotation": 0,
          "scaleX": 1,
          "scaleY": 1,
          "sizePercentX": 0.8666667,
          "sizePercentY": 0.190625,
          "sizeType": 0,
          "tag": 8555,
          "touchAble": false,
          "useMergedTexture": false,
          "visible": true,
          "width": 416,
          "x": 240,
          "y": 299,
          "capInsetsHeight": 1,
          "capInsetsWidth": 1,
          "capInsetsX": 0,
          "capInsetsY": 0,
          "fileName": null,
          "fileNameData": {
            "path": "Top_popup_bar.png",
            "plistFile": "",
            "resourceType": 0
          },
          "scale9Enable": false,
          "scale9Height": 61,
          "scale9Width": 416
        }
      },
      {
        "classname": "LoadingBar",
        "name": null,
        "children": [],
        "options": {
          "__type": "LoadingBarSurrogate:#EditorCommon.JsonModel.Component.GUI",
          "classname": "LoadingBar",
          "name": "prgExp",
          "ZOrder": 0,
          "actiontag": 8274457,
          "anchorPointX": 0.5,
          "anchorPointY": 0.5,
          "classType": "CocoStudio.EngineAdapterWrap.CSLoadingBar",
          "colorB": 255,
          "colorG": 255,
          "colorR": 255,
          "customProperty": "",
          "flipX": false,
          "flipY": false,
          "height": 11,
          "ignoreSize": true,
          "layoutParameter": null,
          "opacity": 255,
          "positionPercentX": 0.5729167,
          "positionPercentY": 0.353125,
          "positionType": 0,
          "rotation": 0,
          "scaleX": 1,
          "scaleY": 1,
          "sizePercentX": 0.358333319,
          "sizePercentY": 0.034375,
          "sizeType": 0,
          "tag": 8575,
          "touchAble": false,
          "useMergedTexture": false,
          "visible": true,
          "width": 172,
          "x": 275,
          "y": 113,
          "capInsetsHeight": 1,
          "capInsetsWidth": 1,
          "capInsetsX": 0,
          "capInsetsY": 0,
          "direction": 0,
          "percent": 100,
          "scale9Enable": false,
          "texture": null,
          "textureData": {
            "path": "expmeter.png",
            "plistFile": "",
            "resourceType": 0
          }
        }
      }
    ],
    "options": {
      "__type": "PanelSurrogate:#EditorCommon.JsonModel.Component.GUI",
      "classname": "Panel",
      "name": "pnlMain",
      "ZOrder": 0,
      "actiontag": -1,
      "anchorPointX": 0,
      "anchorPointY": 0,
      "classType": "CocoStudio.EngineAdapterWrap.CSPanel",
      "colorB": 255,
      "colorG": 255,
      "colorR": 255,
      "customProperty": "",
      "flipX": false,
      "flipY": false,
      "height": 320,
      "ignoreSize": false,
      "layoutParameter": null,
      "opacity": 255,
      "positionPercentX": 0,
      "positionPercentY": 0,
      "positionType": 0,
      "rotation": 0,
      "scaleX": 1,
      "scaleY": 1,
      "sizePercentX": 1,
      "sizePercentY": 1,
      "sizeType": 0,
      "tag": 8551,
      "touchAble": true,
      "useMergedTexture": false,
      "visible": true,
      "width": 480,
      "x": 0,
      "y": 0,
      "adaptScreen": false,
      "backGroundImage": null,
      "backGroundImageData": null,
      "backGroundScale9Enable": false,
      "bgColorB": 255,
      "bgColorG": 200,
      "bgColorOpacity": 0,
      "bgColorR": 150,
      "bgEndColorB": 255,
      "bgEndColorG": 200,
      "bgEndColorR": 150,
      "bgStartColorB": 255,
      "bgStartColorG": 255,
      "bgStartColorR": 255,
      "capInsetsHeight": 1,
      "capInsetsWidth": 1,
      "capInsetsX": 0,
      "capInsetsY": 0,
      "clipAble": false,
      "colorType": 0,
      "layoutType": 0,
      "vectorX": 0,
      "vectorY": -0.5
    }
  }
}