{
  "classname": null,
  "name": null,
  "animation": {
    "classname": null,
    "name": "AnimationManager",
    "actionlist": []
  },
  "dataScale": 1,
  "designHeight": 500,
  "designWidth": 800,
  "textures": [],
  "texturesPng": [
    "game1.png",
    "banting_tap.png",
    "game2.png",
    "susun_tap.png",
    "game3.png",
    "normal_btn.png",
    "normal_btn_tap.png",
    "home.png",
    "Icon-152.png",
    "menu_head.png"
  ],
  "version": "1.6.0.0",
  "widgetTree": {
    "classname": "Panel",
    "name": null,
    "children": [
      {
        "classname": "LabelBMFont",
        "name": null,
        "children": [],
        "options": {
          "__type": "LabelBMFontSurrogate:#EditorCommon.JsonModel.Component.GUI",
          "classname": "LabelBMFont",
          "name": "bmTitle",
          "ZOrder": 2,
          "actiontag": 57734120,
          "anchorPointX": 0.5,
          "anchorPointY": 0.5,
          "classType": "CocoStudio.EngineAdapterWrap.CSLabelBMFont",
          "colorB": 255,
          "colorG": 255,
          "colorR": 255,
          "customProperty": "",
          "flipX": false,
          "flipY": false,
          "height": 40,
          "ignoreSize": true,
          "layoutParameter": null,
          "opacity": 255,
          "positionPercentX": 0.5,
          "positionPercentY": 0.948,
          "positionType": 0,
          "rotation": 0,
          "scaleX": 1,
          "scaleY": 1,
          "sizePercentX": 0.17875,
          "sizePercentY": 0.08,
          "sizeType": 0,
          "tag": 1567,
          "touchAble": false,
          "useMergedTexture": false,
          "visible": true,
          "width": 143,
          "x": 400,
          "y": 474,
          "fileNameData": {
            "path": "bf0-export.fnt",
            "plistFile": "",
            "resourceType": 0
          },
          "text": "SETTING"
        }
      },
      {
        "classname": "ImageView",
        "name": null,
        "children": [
          {
            "classname": "ImageView",
            "name": null,
            "children": [],
            "options": {
              "__type": "ImageViewSurrogate:#EditorCommon.JsonModel.Component.GUI",
              "classname": "ImageView",
              "name": "Image_7",
              "ZOrder": 0,
              "actiontag": 34316519,
              "anchorPointX": 0.5,
              "anchorPointY": 0.5,
              "classType": "CocoStudio.EngineAdapterWrap.CSImageView",
              "colorB": 255,
              "colorG": 255,
              "colorR": 255,
              "customProperty": "",
              "flipX": false,
              "flipY": false,
              "height": 61,
              "ignoreSize": true,
              "layoutParameter": null,
              "opacity": 255,
              "positionPercentX": 0.5,
              "positionPercentY": 0.926,
              "positionType": 0,
              "rotation": 0,
              "scaleX": 1,
              "scaleY": 1,
              "sizePercentX": 0.52,
              "sizePercentY": 0.122,
              "sizeType": 0,
              "tag": 1552,
              "touchAble": false,
              "useMergedTexture": false,
              "visible": true,
              "width": 416,
              "x": 400,
              "y": 463,
              "capInsetsHeight": 1,
              "capInsetsWidth": 1,
              "capInsetsX": 0,
              "capInsetsY": 0,
              "fileName": null,
              "fileNameData": {
                "path": "Top_popup_bar.png",
                "plistFile": "",
                "resourceType": 0
              },
              "scale9Enable": false,
              "scale9Height": 61,
              "scale9Width": 416
            }
          },
          {
            "classname": "ImageView",
            "name": null,
            "children": [],
            "options": {
              "__type": "ImageViewSurrogate:#EditorCommon.JsonModel.Component.GUI",
              "classname": "ImageView",
              "name": "Image_15",
              "ZOrder": 0,
              "actiontag": 62513661,
              "anchorPointX": 0.5,
              "anchorPointY": 0.5,
              "classType": "CocoStudio.EngineAdapterWrap.CSImageView",
              "colorB": 255,
              "colorG": 255,
              "colorR": 255,
              "customProperty": "",
              "flipX": false,
              "flipY": false,
              "height": 200,
              "ignoreSize": false,
              "layoutParameter": null,
              "opacity": 255,
              "positionPercentX": 0.23,
              "positionPercentY": 0.592,
              "positionType": 0,
              "rotation": 0,
              "scaleX": 0.5,
              "scaleY": 0.5,
              "sizePercentX": 0.25,
              "sizePercentY": 0.4,
              "sizeType": 0,
              "tag": 2674,
              "touchAble": false,
              "useMergedTexture": false,
              "visible": true,
              "width": 200,
              "x": 184,
              "y": 296,
              "capInsetsHeight": 1,
              "capInsetsWidth": 1,
              "capInsetsX": 0,
              "capInsetsY": 0,
              "fileName": null,
              "fileNameData": {
                "path": "flag-indo-2.png",
                "plistFile": "",
                "resourceType": 0
              },
              "scale9Enable": false,
              "scale9Height": 200,
              "scale9Width": 200
            }
          },
          {
            "classname": "ImageView",
            "name": null,
            "children": [],
            "options": {
              "__type": "ImageViewSurrogate:#EditorCommon.JsonModel.Component.GUI",
              "classname": "ImageView",
              "name": "Image_16",
              "ZOrder": 0,
              "actiontag": 38479713,
              "anchorPointX": 0.5,
              "anchorPointY": 0.5,
              "classType": "CocoStudio.EngineAdapterWrap.CSImageView",
              "colorB": 255,
              "colorG": 255,
              "colorR": 255,
              "customProperty": "",
              "flipX": false,
              "flipY": false,
              "height": 200,
              "ignoreSize": false,
              "layoutParameter": null,
              "opacity": 254,
              "positionPercentX": 0.67125,
              "positionPercentY": 0.59,
              "positionType": 0,
              "rotation": 0,
              "scaleX": 0.5,
              "scaleY": 0.5,
              "sizePercentX": 0.25,
              "sizePercentY": 0.4,
              "sizeType": 0,
              "tag": 2675,
              "touchAble": false,
              "useMergedTexture": false,
              "visible": true,
              "width": 200,
              "x": 537,
              "y": 295,
              "capInsetsHeight": 1,
              "capInsetsWidth": 1,
              "capInsetsX": 0,
              "capInsetsY": 0,
              "fileName": null,
              "fileNameData": {
                "path": "flag_uk-2.png",
                "plistFile": "",
                "resourceType": 0
              },
              "scale9Enable": false,
              "scale9Height": 200,
              "scale9Width": 200
            }
          },
          {
            "classname": "LabelBMFont",
            "name": null,
            "children": [],
            "options": {
              "__type": "LabelBMFontSurrogate:#EditorCommon.JsonModel.Component.GUI",
              "classname": "LabelBMFont",
              "name": "bmfInviteOn",
              "ZOrder": 0,
              "actiontag": 42021820,
              "anchorPointX": 0,
              "anchorPointY": 0.5,
              "classType": "CocoStudio.EngineAdapterWrap.CSLabelBMFont",
              "colorB": 255,
              "colorG": 255,
              "colorR": 255,
              "customProperty": "",
              "flipX": false,
              "flipY": false,
              "height": 40,
              "ignoreSize": true,
              "layoutParameter": null,
              "opacity": 255,
              "positionPercentX": 0.615,
              "positionPercentY": 0.278,
              "positionType": 0,
              "rotation": 0,
              "scaleX": 1,
              "scaleY": 1,
              "sizePercentX": 0.17,
              "sizePercentY": 0.08,
              "sizeType": 0,
              "tag": 3883,
              "touchAble": false,
              "useMergedTexture": false,
              "visible": true,
              "width": 136,
              "x": 492,
              "y": 139,
              "fileNameData": {
                "path": "bf0-export.fnt",
                "plistFile": "",
                "resourceType": 0
              },
              "text": "Invite On"
            }
          },
          {
            "classname": "LabelBMFont",
            "name": null,
            "children": [],
            "options": {
              "__type": "LabelBMFontSurrogate:#EditorCommon.JsonModel.Component.GUI",
              "classname": "LabelBMFont",
              "name": "bmfInviteOff",
              "ZOrder": 0,
              "actiontag": 45645814,
              "anchorPointX": 0,
              "anchorPointY": 0.5,
              "classType": "CocoStudio.EngineAdapterWrap.CSLabelBMFont",
              "colorB": 255,
              "colorG": 255,
              "colorR": 255,
              "customProperty": "",
              "flipX": false,
              "flipY": false,
              "height": 40,
              "ignoreSize": true,
              "layoutParameter": null,
              "opacity": 255,
              "positionPercentX": 0.1775,
              "positionPercentY": 0.278,
              "positionType": 0,
              "rotation": 0,
              "scaleX": 1,
              "scaleY": 1,
              "sizePercentX": 0.1725,
              "sizePercentY": 0.08,
              "sizeType": 0,
              "tag": 3884,
              "touchAble": false,
              "useMergedTexture": false,
              "visible": true,
              "width": 138,
              "x": 142,
              "y": 139,
              "fileNameData": {
                "path": "bf0-export.fnt",
                "plistFile": "",
                "resourceType": 0
              },
              "text": "Invite Off"
            }
          },
          {
            "classname": "LabelBMFont",
            "name": null,
            "children": [],
            "options": {
              "__type": "LabelBMFontSurrogate:#EditorCommon.JsonModel.Component.GUI",
              "classname": "LabelBMFont",
              "name": "bmfBahasa",
              "ZOrder": 0,
              "actiontag": 49844138,
              "anchorPointX": 0,
              "anchorPointY": 0.5,
              "classType": "CocoStudio.EngineAdapterWrap.CSLabelBMFont",
              "colorB": 255,
              "colorG": 255,
              "colorR": 255,
              "customProperty": "",
              "flipX": false,
              "flipY": false,
              "height": 40,
              "ignoreSize": true,
              "layoutParameter": null,
              "opacity": 255,
              "positionPercentX": 0.3025,
              "positionPercentY": 0.592,
              "positionType": 0,
              "rotation": 0,
              "scaleX": 1,
              "scaleY": 1,
              "sizePercentX": 0.1425,
              "sizePercentY": 0.08,
              "sizeType": 0,
              "tag": 4991,
              "touchAble": false,
              "useMergedTexture": false,
              "visible": true,
              "width": 114,
              "x": 242,
              "y": 296,
              "fileNameData": {
                "path": "bf0-export.fnt",
                "plistFile": "",
                "resourceType": 0
              },
              "text": "Bahasa"
            }
          },
          {
            "classname": "LabelBMFont",
            "name": null,
            "children": [],
            "options": {
              "__type": "LabelBMFontSurrogate:#EditorCommon.JsonModel.Component.GUI",
              "classname": "LabelBMFont",
              "name": "bmfEnglish",
              "ZOrder": 0,
              "actiontag": 4227661,
              "anchorPointX": 0,
              "anchorPointY": 0.5,
              "classType": "CocoStudio.EngineAdapterWrap.CSLabelBMFont",
              "colorB": 255,
              "colorG": 255,
              "colorR": 255,
              "customProperty": "",
              "flipX": false,
              "flipY": false,
              "height": 40,
              "ignoreSize": true,
              "layoutParameter": null,
              "opacity": 255,
              "positionPercentX": 0.74625,
              "positionPercentY": 0.592,
              "positionType": 0,
              "rotation": 0,
              "scaleX": 1,
              "scaleY": 1,
              "sizePercentX": 0.14875,
              "sizePercentY": 0.08,
              "sizeType": 0,
              "tag": 4993,
              "touchAble": false,
              "useMergedTexture": false,
              "visible": true,
              "width": 119,
              "x": 597,
              "y": 296,
              "fileNameData": {
                "path": "bf0-export.fnt",
                "plistFile": "",
                "resourceType": 0
              },
              "text": "English"
            }
          }
        ],
        "options": {
          "__type": "ImageViewSurrogate:#EditorCommon.JsonModel.Component.GUI",
          "classname": "ImageView",
          "name": "background",
          "ZOrder": 0,
          "actiontag": 62646535,
          "anchorPointX": 0,
          "anchorPointY": 0,
          "classType": "CocoStudio.EngineAdapterWrap.CSImageView",
          "colorB": 255,
          "colorG": 255,
          "colorR": 255,
          "customProperty": "",
          "flipX": false,
          "flipY": false,
          "height": 500,
          "ignoreSize": false,
          "layoutParameter": null,
          "opacity": 255,
          "positionPercentX": 0,
          "positionPercentY": 0,
          "positionType": 0,
          "rotation": 0,
          "scaleX": 1,
          "scaleY": 1,
          "sizePercentX": 1,
          "sizePercentY": 1,
          "sizeType": 0,
          "tag": 1425,
          "touchAble": true,
          "useMergedTexture": false,
          "visible": true,
          "width": 800,
          "x": 0,
          "y": 0,
          "capInsetsHeight": 1,
          "capInsetsWidth": 1,
          "capInsetsX": 0,
          "capInsetsY": 0,
          "fileName": null,
          "fileNameData": {
            "path": "small_popup.png",
            "plistFile": "",
            "resourceType": 0
          },
          "scale9Enable": false,
          "scale9Height": 500,
          "scale9Width": 800
        }
      },
      {
        "classname": "CheckBox",
        "name": null,
        "children": [],
        "options": {
          "__type": "CheckBoxSurrogate:#EditorCommon.JsonModel.Component.GUI",
          "classname": "CheckBox",
          "name": "chk1",
          "ZOrder": 0,
          "actiontag": 10537598,
          "anchorPointX": 0.5,
          "anchorPointY": 0.5,
          "classType": "CocoStudio.EngineAdapterWrap.CSCheckBox",
          "colorB": 255,
          "colorG": 255,
          "colorR": 255,
          "customProperty": "",
          "flipX": false,
          "flipY": false,
          "height": 60,
          "ignoreSize": false,
          "layoutParameter": null,
          "opacity": 255,
          "positionPercentX": 0.12625,
          "positionPercentY": 0.592,
          "positionType": 0,
          "rotation": 0,
          "scaleX": 1,
          "scaleY": 1,
          "sizePercentX": 0.075,
          "sizePercentY": 0.12,
          "sizeType": 0,
          "tag": 1427,
          "touchAble": true,
          "useMergedTexture": false,
          "visible": true,
          "width": 60,
          "x": 101,
          "y": 296,
          "backGroundBox": null,
          "backGroundBoxData": {
            "path": "checkbox.png",
            "plistFile": "",
            "resourceType": 0
          },
          "backGroundBoxDisabled": null,
          "backGroundBoxDisabledData": {
            "path": "checkbox.png",
            "plistFile": "",
            "resourceType": 0
          },
          "backGroundBoxSelected": null,
          "backGroundBoxSelectedData": {
            "path": "checkbox.png",
            "plistFile": "",
            "resourceType": 0
          },
          "frontCross": null,
          "frontCrossData": {
            "path": "check.png",
            "plistFile": "",
            "resourceType": 0
          },
          "frontCrossDisabled": null,
          "frontCrossDisabledData": {
            "path": "checkbox.png",
            "plistFile": "",
            "resourceType": 0
          },
          "selectedState": true
        }
      },
      {
        "classname": "CheckBox",
        "name": null,
        "children": [],
        "options": {
          "__type": "CheckBoxSurrogate:#EditorCommon.JsonModel.Component.GUI",
          "classname": "CheckBox",
          "name": "chk2",
          "ZOrder": 0,
          "actiontag": 13724824,
          "anchorPointX": 0.5,
          "anchorPointY": 0.5,
          "classType": "CocoStudio.EngineAdapterWrap.CSCheckBox",
          "colorB": 255,
          "colorG": 255,
          "colorR": 255,
          "customProperty": "",
          "flipX": false,
          "flipY": false,
          "height": 60,
          "ignoreSize": false,
          "layoutParameter": null,
          "opacity": 255,
          "positionPercentX": 0.5625,
          "positionPercentY": 0.592,
          "positionType": 0,
          "rotation": 0,
          "scaleX": 1,
          "scaleY": 1,
          "sizePercentX": 0.075,
          "sizePercentY": 0.12,
          "sizeType": 0,
          "tag": 1429,
          "touchAble": true,
          "useMergedTexture": false,
          "visible": true,
          "width": 60,
          "x": 450,
          "y": 296,
          "backGroundBox": null,
          "backGroundBoxData": {
            "path": "checkbox.png",
            "plistFile": "",
            "resourceType": 0
          },
          "backGroundBoxDisabled": null,
          "backGroundBoxDisabledData": {
            "path": "checkbox.png",
            "plistFile": "",
            "resourceType": 0
          },
          "backGroundBoxSelected": null,
          "backGroundBoxSelectedData": {
            "path": "checkbox.png",
            "plistFile": "",
            "resourceType": 0
          },
          "frontCross": null,
          "frontCrossData": {
            "path": "check.png",
            "plistFile": "",
            "resourceType": 0
          },
          "frontCrossDisabled": null,
          "frontCrossDisabledData": {
            "path": "checkbox.png",
            "plistFile": "",
            "resourceType": 0
          },
          "selectedState": false
        }
      },
      {
        "classname": "Button",
        "name": null,
        "children": [
          {
            "classname": "LabelBMFont",
            "name": null,
            "children": [],
            "options": {
              "__type": "LabelBMFontSurrogate:#EditorCommon.JsonModel.Component.GUI",
              "classname": "LabelBMFont",
              "name": "bmOK",
              "ZOrder": 0,
              "actiontag": 10909667,
              "anchorPointX": 0.5,
              "anchorPointY": 0.5,
              "classType": "CocoStudio.EngineAdapterWrap.CSLabelBMFont",
              "colorB": 255,
              "colorG": 255,
              "colorR": 255,
              "customProperty": "",
              "flipX": false,
              "flipY": false,
              "height": 40,
              "ignoreSize": true,
              "layoutParameter": null,
              "opacity": 255,
              "positionPercentX": 0,
              "positionPercentY": 0.111111112,
              "positionType": 0,
              "rotation": 0,
              "scaleX": 1,
              "scaleY": 1,
              "sizePercentX": 0.236842111,
              "sizePercentY": 0.5555556,
              "sizeType": 0,
              "tag": 7396,
              "touchAble": false,
              "useMergedTexture": false,
              "visible": true,
              "width": 45,
              "x": 0,
              "y": 8,
              "fileNameData": {
                "path": "bf0-export.fnt",
                "plistFile": "",
                "resourceType": 0
              },
              "text": "OK"
            }
          }
        ],
        "options": {
          "__type": "ButtonSurrogate:#EditorCommon.JsonModel.Component.GUI",
          "classname": "Button",
          "name": "btnOk",
          "ZOrder": 0,
          "actiontag": 25928952,
          "anchorPointX": 0.5,
          "anchorPointY": 0.5,
          "classType": "CocoStudio.EngineAdapterWrap.CSButton",
          "colorB": 255,
          "colorG": 255,
          "colorR": 255,
          "customProperty": "",
          "flipX": false,
          "flipY": false,
          "height": 72,
          "ignoreSize": false,
          "layoutParameter": null,
          "opacity": 255,
          "positionPercentX": 0.7,
          "positionPercentY": 0.016,
          "positionType": 0,
          "rotation": 0,
          "scaleX": 1,
          "scaleY": 1,
          "sizePercentX": 0.2375,
          "sizePercentY": 0.144,
          "sizeType": 0,
          "tag": 1435,
          "touchAble": true,
          "useMergedTexture": false,
          "visible": true,
          "width": 190,
          "x": 560,
          "y": 8,
          "capInsetsHeight": 1,
          "capInsetsWidth": 1,
          "capInsetsX": 0,
          "capInsetsY": 0,
          "disabled": null,
          "disabledData": {
            "path": null,
            "plistFile": null,
            "resourceType": 0
          },
          "fontName": "微软雅黑",
          "fontSize": 30,
          "fontType": 0,
          "normal": null,
          "normalData": {
            "path": "btn_blue.png",
            "plistFile": "",
            "resourceType": 0
          },
          "pressed": null,
          "pressedData": {
            "path": "btn_blue_tap.png",
            "plistFile": "",
            "resourceType": 0
          },
          "scale9Enable": false,
          "scale9Height": 72,
          "scale9Width": 190,
          "text": "",
          "textColorB": 255,
          "textColorG": 255,
          "textColorR": 255
        }
      },
      {
        "classname": "CheckBox",
        "name": null,
        "children": [],
        "options": {
          "__type": "CheckBoxSurrogate:#EditorCommon.JsonModel.Component.GUI",
          "classname": "CheckBox",
          "name": "chkInviteOn",
          "ZOrder": 0,
          "actiontag": 40899871,
          "anchorPointX": 0.5,
          "anchorPointY": 0.5,
          "classType": "CocoStudio.EngineAdapterWrap.CSCheckBox",
          "colorB": 255,
          "colorG": 255,
          "colorR": 255,
          "customProperty": "",
          "flipX": false,
          "flipY": false,
          "height": 60,
          "ignoreSize": false,
          "layoutParameter": null,
          "opacity": 255,
          "positionPercentX": 0.5625,
          "positionPercentY": 0.278,
          "positionType": 0,
          "rotation": 0,
          "scaleX": 1,
          "scaleY": 1,
          "sizePercentX": 0.075,
          "sizePercentY": 0.12,
          "sizeType": 0,
          "tag": 1558,
          "touchAble": true,
          "useMergedTexture": false,
          "visible": true,
          "width": 60,
          "x": 450,
          "y": 139,
          "backGroundBox": null,
          "backGroundBoxData": {
            "path": "checkbox.png",
            "plistFile": "",
            "resourceType": 0
          },
          "backGroundBoxDisabled": null,
          "backGroundBoxDisabledData": {
            "path": "checkbox.png",
            "plistFile": "",
            "resourceType": 0
          },
          "backGroundBoxSelected": null,
          "backGroundBoxSelectedData": {
            "path": "checkbox.png",
            "plistFile": "",
            "resourceType": 0
          },
          "frontCross": null,
          "frontCrossData": {
            "path": "check.png",
            "plistFile": "",
            "resourceType": 0
          },
          "frontCrossDisabled": null,
          "frontCrossDisabledData": {
            "path": "checkbox.png",
            "plistFile": "",
            "resourceType": 0
          },
          "selectedState": true
        }
      },
      {
        "classname": "CheckBox",
        "name": null,
        "children": [],
        "options": {
          "__type": "CheckBoxSurrogate:#EditorCommon.JsonModel.Component.GUI",
          "classname": "CheckBox",
          "name": "chkInviteOff",
          "ZOrder": 0,
          "actiontag": 65160797,
          "anchorPointX": 0.5,
          "anchorPointY": 0.5,
          "classType": "CocoStudio.EngineAdapterWrap.CSCheckBox",
          "colorB": 255,
          "colorG": 255,
          "colorR": 255,
          "customProperty": "",
          "flipX": false,
          "flipY": false,
          "height": 60,
          "ignoreSize": false,
          "layoutParameter": null,
          "opacity": 255,
          "positionPercentX": 0.12625,
          "positionPercentY": 0.278,
          "positionType": 0,
          "rotation": 0,
          "scaleX": 1,
          "scaleY": 1,
          "sizePercentX": 0.075,
          "sizePercentY": 0.12,
          "sizeType": 0,
          "tag": 1560,
          "touchAble": true,
          "useMergedTexture": false,
          "visible": true,
          "width": 60,
          "x": 101,
          "y": 139,
          "backGroundBox": null,
          "backGroundBoxData": {
            "path": "checkbox.png",
            "plistFile": "",
            "resourceType": 0
          },
          "backGroundBoxDisabled": null,
          "backGroundBoxDisabledData": {
            "path": "checkbox.png",
            "plistFile": "",
            "resourceType": 0
          },
          "backGroundBoxSelected": null,
          "backGroundBoxSelectedData": {
            "path": "checkbox.png",
            "plistFile": "",
            "resourceType": 0
          },
          "frontCross": null,
          "frontCrossData": {
            "path": "check.png",
            "plistFile": "",
            "resourceType": 0
          },
          "frontCrossDisabled": null,
          "frontCrossDisabledData": {
            "path": "checkbox.png",
            "plistFile": "",
            "resourceType": 0
          },
          "selectedState": true
        }
      },
      {
        "classname": "Button",
        "name": null,
        "children": [
          {
            "classname": "LabelBMFont",
            "name": null,
            "children": [],
            "options": {
              "__type": "LabelBMFontSurrogate:#EditorCommon.JsonModel.Component.GUI",
              "classname": "LabelBMFont",
              "name": "bmCancel",
              "ZOrder": 0,
              "actiontag": 12137633,
              "anchorPointX": 0.5,
              "anchorPointY": 0.5,
              "classType": "CocoStudio.EngineAdapterWrap.CSLabelBMFont",
              "colorB": 255,
              "colorG": 255,
              "colorR": 255,
              "customProperty": "",
              "flipX": false,
              "flipY": false,
              "height": 40,
              "ignoreSize": true,
              "layoutParameter": null,
              "opacity": 255,
              "positionPercentX": 0,
              "positionPercentY": 0.0972222239,
              "positionType": 0,
              "rotation": 0,
              "scaleX": 1,
              "scaleY": 1,
              "sizePercentX": 0.673684239,
              "sizePercentY": 0.5555556,
              "sizeType": 0,
              "tag": 7395,
              "touchAble": false,
              "useMergedTexture": false,
              "visible": true,
              "width": 128,
              "x": 0,
              "y": 7,
              "fileNameData": {
                "path": "bf0-export.fnt",
                "plistFile": "",
                "resourceType": 0
              },
              "text": "CANCEL"
            }
          }
        ],
        "options": {
          "__type": "ButtonSurrogate:#EditorCommon.JsonModel.Component.GUI",
          "classname": "Button",
          "name": "btnCancel",
          "ZOrder": 0,
          "actiontag": 64437691,
          "anchorPointX": 0.5,
          "anchorPointY": 0.5,
          "classType": "CocoStudio.EngineAdapterWrap.CSButton",
          "colorB": 255,
          "colorG": 255,
          "colorR": 255,
          "customProperty": "",
          "flipX": false,
          "flipY": false,
          "height": 72,
          "ignoreSize": false,
          "layoutParameter": null,
          "opacity": 255,
          "positionPercentX": 0.325,
          "positionPercentY": 0.016,
          "positionType": 0,
          "rotation": 0,
          "scaleX": 1,
          "scaleY": 1,
          "sizePercentX": 0.2375,
          "sizePercentY": 0.144,
          "sizeType": 0,
          "tag": 1564,
          "touchAble": true,
          "useMergedTexture": false,
          "visible": true,
          "width": 190,
          "x": 260,
          "y": 8,
          "capInsetsHeight": 1,
          "capInsetsWidth": 1,
          "capInsetsX": 0,
          "capInsetsY": 0,
          "disabled": null,
          "disabledData": {
            "path": null,
            "plistFile": null,
            "resourceType": 0
          },
          "fontName": "微软雅黑",
          "fontSize": 30,
          "fontType": 0,
          "normal": null,
          "normalData": {
            "path": "btn_red.png",
            "plistFile": "",
            "resourceType": 0
          },
          "pressed": null,
          "pressedData": {
            "path": "btn_red_tap.png",
            "plistFile": "",
            "resourceType": 0
          },
          "scale9Enable": false,
          "scale9Height": 72,
          "scale9Width": 190,
          "text": "",
          "textColorB": 255,
          "textColorG": 255,
          "textColorR": 255
        }
      }
    ],
    "options": {
      "__type": "PanelSurrogate:#EditorCommon.JsonModel.Component.GUI",
      "classname": "Panel",
      "name": "Panel_28",
      "ZOrder": 0,
      "actiontag": -1,
      "anchorPointX": 0,
      "anchorPointY": 0,
      "classType": "CocoStudio.EngineAdapterWrap.CSPanel",
      "colorB": 255,
      "colorG": 255,
      "colorR": 255,
      "customProperty": "",
      "flipX": false,
      "flipY": false,
      "height": 500,
      "ignoreSize": false,
      "layoutParameter": null,
      "opacity": 255,
      "positionPercentX": 0,
      "positionPercentY": 0,
      "positionType": 0,
      "rotation": 0,
      "scaleX": 1,
      "scaleY": 1,
      "sizePercentX": 1,
      "sizePercentY": 1,
      "sizeType": 0,
      "tag": 1423,
      "touchAble": true,
      "useMergedTexture": false,
      "visible": true,
      "width": 800,
      "x": 0,
      "y": 0,
      "adaptScreen": false,
      "backGroundImage": null,
      "backGroundImageData": null,
      "backGroundScale9Enable": false,
      "bgColorB": 255,
      "bgColorG": 200,
      "bgColorOpacity": 0,
      "bgColorR": 150,
      "bgEndColorB": 255,
      "bgEndColorG": 200,
      "bgEndColorR": 150,
      "bgStartColorB": 255,
      "bgStartColorG": 255,
      "bgStartColorR": 255,
      "capInsetsHeight": 1,
      "capInsetsWidth": 1,
      "capInsetsX": 0,
      "capInsetsY": 0,
      "clipAble": false,
      "colorType": 1,
      "layoutType": 0,
      "vectorX": 0,
      "vectorY": -0.5
    }
  }
}