<?xml version="1.0" encoding="utf-8"?>
<ArrayOfGuidesProject xmlns:xsi="http://www.w3.org/2001/XMLSchema-instance" xmlns:xsd="http://www.w3.org/2001/XMLSchema">
  <GuidesProject>
    <Project>ChatPopup</Project>
    <GuidesList />
  </GuidesProject>
  <GuidesProject>
    <Project>ChooseGameScene</Project>
    <GuidesList />
  </GuidesProject>
  <GuidesProject>
    <Project>ItemListRooms</Project>
    <GuidesList />
  </GuidesProject>
  <GuidesProject>
    <Project>ItemRank</Project>
    <GuidesList />
  </GuidesProject>
  <GuidesProject>
    <Project>LobbyScene</Project>
    <GuidesList />
  </GuidesProject>
  <GuidesProject>
    <Project>RankPopup</Project>
    <GuidesList />
  </GuidesProject>
  <GuidesProject>
    <Project>SettingBox</Project>
    <GuidesList />
  </GuidesProject>
  <GuidesProject>
    <Project>SettingCom</Project>
    <GuidesList />
  </GuidesProject>
  <GuidesProject>
    <Project>SettingLanguages</Project>
    <GuidesList />
  </GuidesProject>
  <GuidesProject>
    <Project>CapsaSusunScene</Project>
    <GuidesList />
  </GuidesProject>
  <GuidesProject>
    <Project>UserInfoCom</Project>
    <GuidesList />
  </GuidesProject>
  <GuidesProject>
    <Project>CapsaBantingGameScene</Project>
    <GuidesList />
  </GuidesProject>
  <GuidesProject>
    <Project>LoadingScene</Project>
    <GuidesList />
  </GuidesProject>
  <GuidesProject>
    <Project>LoginScene</Project>
    <GuidesList />
  </GuidesProject>
  <GuidesProject>
    <Project>SusunUserInfoOtherCom</Project>
    <GuidesList />
  </GuidesProject>
  <GuidesProject>
    <Project>InvitationItem</Project>
    <GuidesList />
  </GuidesProject>
  <GuidesProject>
    <Project>InvitationPopup</Project>
    <GuidesList />
  </GuidesProject>
  <GuidesProject>
    <Project>UserInfoOtherCom</Project>
    <GuidesList />
  </GuidesProject>
  <GuidesProject>
    <Project>EndGamePopup</Project>
    <GuidesList />
  </GuidesProject>
  <GuidesProject>
    <Project>ChatItem</Project>
    <GuidesList />
  </GuidesProject>
  <GuidesProject>
    <Project>ChatDefaultItem</Project>
    <GuidesList />
  </GuidesProject>
  <GuidesProject>
    <Project>AlertPopup</Project>
    <GuidesList />
  </GuidesProject>
  <GuidesProject>
    <Project>ConfirmPopup</Project>
    <GuidesList />
  </GuidesProject>
  <GuidesProject>
    <Project>PlayerInfoPopup</Project>
    <GuidesList />
  </GuidesProject>
  <GuidesProject>
    <Project>RegisterPopup</Project>
    <GuidesList />
  </GuidesProject>
  <GuidesProject>
    <Project>LoginPopup</Project>
    <GuidesList />
  </GuidesProject>
  <GuidesProject>
    <Project>ForgotPWPopup</Project>
    <GuidesList />
  </GuidesProject>
  <GuidesProject>
    <Project>IAPPopup</Project>
    <GuidesList />
  </GuidesProject>
  <GuidesProject>
    <Project>IAPItem</Project>
    <GuidesList />
  </GuidesProject>
  <GuidesProject>
    <Project>BonusPopup</Project>
    <GuidesList />
  </GuidesProject>
  <GuidesProject>
    <Project>BonusItem</Project>
    <GuidesList />
  </GuidesProject>
</ArrayOfGuidesProject>