{
  "classname": null,
  "name": null,
  "animation": {
    "classname": null,
    "name": "AnimationManager",
    "actionlist": []
  },
  "dataScale": 1,
  "designHeight": 640,
  "designWidth": 960,
  "textures": [],
  "texturesPng": [
    "Slide.png",
    "Mute.png",
    "setting_in1.png",
    "Setting_tap.png",
    "Screenshot.png",
    "Screenshot_tap.png",
    "unmute.png",
    "unmute_tap.png",
    "Match_history.png",
    "Match_history_tap.png",
    "money.png",
    "money_tap.png",
    "rank.png",
    "rank_tap.png",
    "setting.png",
    "setting_tap.png",
    "logout_back.png",
    "logout_back_tap.png",
    "chat.png",
    "chat_tap.png",
    "facebook_fp.png",
    "facebook_fp_tap.png",
    "call.png",
    "call_tap.png",
    "unipin.png",
    "unipin_tap.png",
    "google_iap.png",
    "google_iap_tap.png",
    "topslide.png",
    "mimoplay.png",
    "mimoplay_tap.png"
  ],
  "version": "1.6.0.0",
  "widgetTree": {
    "classname": "Panel",
    "name": null,
    "children": [
      {
        "classname": "Button",
        "name": null,
        "children": [],
        "options": {
          "__type": "ButtonSurrogate:#EditorCommon.JsonModel.Component.GUI",
          "classname": "Button",
          "name": "btnSend",
          "ZOrder": 2,
          "actiontag": 17254385,
          "anchorPointX": 0.5,
          "anchorPointY": 0.5,
          "classType": "CocoStudio.EngineAdapterWrap.CSButton",
          "colorB": 255,
          "colorG": 255,
          "colorR": 255,
          "customProperty": "",
          "flipX": false,
          "flipY": false,
          "height": 60,
          "ignoreSize": false,
          "layoutParameter": null,
          "opacity": 255,
          "positionPercentX": 0.9166667,
          "positionPercentY": 0.5640625,
          "positionType": 0,
          "rotation": 0,
          "scaleX": 0.799999952,
          "scaleY": 0.799999952,
          "sizePercentX": 0.135416672,
          "sizePercentY": 0.09375,
          "sizeType": 0,
          "tag": 130,
          "touchAble": true,
          "useMergedTexture": false,
          "visible": true,
          "width": 130,
          "x": 880,
          "y": 361,
          "capInsetsHeight": 1,
          "capInsetsWidth": 1,
          "capInsetsX": 0,
          "capInsetsY": 0,
          "disabled": null,
          "disabledData": {
            "path": null,
            "plistFile": null,
            "resourceType": 0
          },
          "fontName": "微软雅黑",
          "fontSize": 30,
          "fontType": 0,
          "normal": null,
          "normalData": {
            "path": "btnsendmessage.png",
            "plistFile": "",
            "resourceType": 0
          },
          "pressed": null,
          "pressedData": {
            "path": null,
            "plistFile": null,
            "resourceType": 0
          },
          "scale9Enable": false,
          "scale9Height": 60,
          "scale9Width": 130,
          "text": "Send",
          "textColorB": 40,
          "textColorG": 40,
          "textColorR": 41
        }
      },
      {
        "classname": "Button",
        "name": null,
        "children": [],
        "options": {
          "__type": "ButtonSurrogate:#EditorCommon.JsonModel.Component.GUI",
          "classname": "Button",
          "name": "bgInputMsr",
          "ZOrder": 2,
          "actiontag": 61340396,
          "anchorPointX": 0.5,
          "anchorPointY": 0.5,
          "classType": "CocoStudio.EngineAdapterWrap.CSButton",
          "colorB": 255,
          "colorG": 255,
          "colorR": 255,
          "customProperty": "",
          "flipX": false,
          "flipY": false,
          "height": 50,
          "ignoreSize": false,
          "layoutParameter": null,
          "opacity": 255,
          "positionPercentX": 0.521875,
          "positionPercentY": 0.5640625,
          "positionType": 0,
          "rotation": 0,
          "scaleX": 1,
          "scaleY": 1,
          "sizePercentX": 0.625,
          "sizePercentY": 0.078125,
          "sizeType": 0,
          "tag": 129,
          "touchAble": true,
          "useMergedTexture": false,
          "visible": true,
          "width": 600,
          "x": 501,
          "y": 361,
          "capInsetsHeight": 1,
          "capInsetsWidth": 1,
          "capInsetsX": 0,
          "capInsetsY": 0,
          "disabled": null,
          "disabledData": {
            "path": "inputtextbg.png",
            "plistFile": "",
            "resourceType": 0
          },
          "fontName": "微软雅黑",
          "fontSize": 14,
          "fontType": 0,
          "normal": null,
          "normalData": {
            "path": "inputtextbg.png",
            "plistFile": "",
            "resourceType": 0
          },
          "pressed": null,
          "pressedData": {
            "path": "inputtextbg.png",
            "plistFile": "",
            "resourceType": 0
          },
          "scale9Enable": false,
          "scale9Height": 50,
          "scale9Width": 600,
          "text": "",
          "textColorB": 255,
          "textColorG": 255,
          "textColorR": 255
        }
      },
      {
        "classname": "TextField",
        "name": null,
        "children": [],
        "options": {
          "__type": "TextFieldSurrogate:#EditorCommon.JsonModel.Component.GUI",
          "classname": "TextField",
          "name": "inputMsr",
          "ZOrder": 2,
          "actiontag": 42373228,
          "anchorPointX": 0,
          "anchorPointY": 0.5,
          "classType": "CocoStudio.EngineAdapterWrap.CSTextField",
          "colorB": 133,
          "colorG": 133,
          "colorR": 133,
          "customProperty": "",
          "flipX": false,
          "flipY": false,
          "height": 40,
          "ignoreSize": false,
          "layoutParameter": null,
          "opacity": 255,
          "positionPercentX": 0.222916663,
          "positionPercentY": 0.5625,
          "positionType": 0,
          "rotation": 0,
          "scaleX": 1,
          "scaleY": 1,
          "sizePercentX": 0.5729167,
          "sizePercentY": 0.0625,
          "sizeType": 0,
          "tag": 133,
          "touchAble": true,
          "useMergedTexture": false,
          "visible": true,
          "width": 550,
          "x": 214,
          "y": 360,
          "areaHeight": 40,
          "areaWidth": 550,
          "fontFile": null,
          "fontName": "微软雅黑",
          "fontSize": 30,
          "maxLength": 10,
          "maxLengthEnable": false,
          "passwordEnable": false,
          "passwordStyleText": "*",
          "placeHolder": "",
          "text": ""
        }
      },
      {
        "classname": "ImageView",
        "name": null,
        "children": [
          {
            "classname": "Button",
            "name": null,
            "children": [],
            "options": {
              "__type": "ButtonSurrogate:#EditorCommon.JsonModel.Component.GUI",
              "classname": "Button",
              "name": "btnEmotion",
              "ZOrder": 0,
              "actiontag": 50692282,
              "anchorPointX": 0.5,
              "anchorPointY": 0.5,
              "classType": "CocoStudio.EngineAdapterWrap.CSButton",
              "colorB": 255,
              "colorG": 255,
              "colorR": 255,
              "customProperty": "",
              "flipX": false,
              "flipY": false,
              "height": 50,
              "ignoreSize": true,
              "layoutParameter": null,
              "opacity": 255,
              "positionPercentX": -0.75625,
              "positionPercentY": 0.125,
              "positionType": 0,
              "rotation": 0,
              "scaleX": 1,
              "scaleY": 1,
              "sizePercentX": 0.0520833321,
              "sizePercentY": 0.625,
              "sizeType": 0,
              "tag": 3112,
              "touchAble": true,
              "useMergedTexture": false,
              "visible": true,
              "width": 50,
              "x": -726,
              "y": 10,
              "capInsetsHeight": 1,
              "capInsetsWidth": 1,
              "capInsetsX": 0,
              "capInsetsY": 0,
              "disabled": null,
              "disabledData": {
                "path": null,
                "plistFile": null,
                "resourceType": 0
              },
              "fontName": "微软雅黑",
              "fontSize": 14,
              "fontType": 0,
              "normal": null,
              "normalData": {
                "path": "btnemotion.png",
                "plistFile": "",
                "resourceType": 0
              },
              "pressed": null,
              "pressedData": {
                "path": null,
                "plistFile": null,
                "resourceType": 0
              },
              "scale9Enable": false,
              "scale9Height": 50,
              "scale9Width": 50,
              "text": "",
              "textColorB": 255,
              "textColorG": 255,
              "textColorR": 255
            }
          },
          {
            "classname": "Button",
            "name": null,
            "children": [],
            "options": {
              "__type": "ButtonSurrogate:#EditorCommon.JsonModel.Component.GUI",
              "classname": "Button",
              "name": "btnDefaultMessage",
              "ZOrder": 0,
              "actiontag": 31906675,
              "anchorPointX": 0.5,
              "anchorPointY": 0.5,
              "classType": "CocoStudio.EngineAdapterWrap.CSButton",
              "colorB": 255,
              "colorG": 255,
              "colorR": 255,
              "customProperty": "",
              "flipX": false,
              "flipY": false,
              "height": 50,
              "ignoreSize": true,
              "layoutParameter": null,
              "opacity": 255,
              "positionPercentX": -0.458333343,
              "positionPercentY": -0.0125,
              "positionType": 0,
              "rotation": 0,
              "scaleX": 1,
              "scaleY": 1,
              "sizePercentX": 0.0520833321,
              "sizePercentY": 0.625,
              "sizeType": 0,
              "tag": 3113,
              "touchAble": true,
              "useMergedTexture": false,
              "visible": true,
              "width": 50,
              "x": -440,
              "y": -1,
              "capInsetsHeight": 1,
              "capInsetsWidth": 1,
              "capInsetsX": 0,
              "capInsetsY": 0,
              "disabled": null,
              "disabledData": {
                "path": "btndefaultmessage.png",
                "plistFile": "",
                "resourceType": 0
              },
              "fontName": "微软雅黑",
              "fontSize": 14,
              "fontType": 0,
              "normal": null,
              "normalData": {
                "path": "btndefaultmessage.png",
                "plistFile": "",
                "resourceType": 0
              },
              "pressed": null,
              "pressedData": {
                "path": "btndefaultmessage.png",
                "plistFile": "",
                "resourceType": 0
              },
              "scale9Enable": false,
              "scale9Height": 50,
              "scale9Width": 50,
              "text": "",
              "textColorB": 255,
              "textColorG": 255,
              "textColorR": 255
            }
          },
          {
            "classname": "Button",
            "name": null,
            "children": [],
            "options": {
              "__type": "ButtonSurrogate:#EditorCommon.JsonModel.Component.GUI",
              "classname": "Button",
              "name": "btnClose",
              "ZOrder": 1,
              "actiontag": 14764543,
              "anchorPointX": 0.5,
              "anchorPointY": 0.5,
              "classType": "CocoStudio.EngineAdapterWrap.CSButton",
              "colorB": 255,
              "colorG": 255,
              "colorR": 255,
              "customProperty": "",
              "flipX": false,
              "flipY": false,
              "height": 60,
              "ignoreSize": false,
              "layoutParameter": null,
              "opacity": 255,
              "positionPercentX": 0.460416675,
              "positionPercentY": 3,
              "positionType": 0,
              "rotation": 0,
              "scaleX": 1,
              "scaleY": 1,
              "sizePercentX": 0.0625,
              "sizePercentY": 0.75,
              "sizeType": 0,
              "tag": 3020,
              "touchAble": true,
              "useMergedTexture": false,
              "visible": true,
              "width": 60,
              "x": 442,
              "y": 240,
              "capInsetsHeight": 1,
              "capInsetsWidth": 1,
              "capInsetsX": 0,
              "capInsetsY": 0,
              "disabled": null,
              "disabledData": {
                "path": null,
                "plistFile": null,
                "resourceType": 0
              },
              "fontName": "微软雅黑",
              "fontSize": 40,
              "fontType": 0,
              "normal": null,
              "normalData": {
                "path": "button.png",
                "plistFile": "",
                "resourceType": 0
              },
              "pressed": null,
              "pressedData": {
                "path": null,
                "plistFile": null,
                "resourceType": 0
              },
              "scale9Enable": false,
              "scale9Height": 60,
              "scale9Width": 60,
              "text": "X",
              "textColorB": 255,
              "textColorG": 255,
              "textColorR": 255
            }
          },
          {
            "classname": "ImageView",
            "name": null,
            "children": [],
            "options": {
              "__type": "ImageViewSurrogate:#EditorCommon.JsonModel.Component.GUI",
              "classname": "ImageView",
              "name": "imgMark",
              "ZOrder": 0,
              "actiontag": 63231313,
              "anchorPointX": 0.5,
              "anchorPointY": 0.5,
              "classType": "CocoStudio.EngineAdapterWrap.CSImageView",
              "colorB": 255,
              "colorG": 255,
              "colorR": 255,
              "customProperty": "",
              "flipX": false,
              "flipY": false,
              "height": 18,
              "ignoreSize": true,
              "layoutParameter": null,
              "opacity": 255,
              "positionPercentX": -0.459375,
              "positionPercentY": -0.3875,
              "positionType": 0,
              "rotation": 0,
              "scaleX": 1,
              "scaleY": 1,
              "sizePercentX": 0.026041666,
              "sizePercentY": 0.225,
              "sizeType": 0,
              "tag": 3114,
              "touchAble": false,
              "useMergedTexture": false,
              "visible": true,
              "width": 25,
              "x": -441,
              "y": -31,
              "capInsetsHeight": 1,
              "capInsetsWidth": 1,
              "capInsetsX": 0,
              "capInsetsY": 0,
              "fileName": null,
              "fileNameData": {
                "path": "markicon.png",
                "plistFile": "",
                "resourceType": 0
              },
              "scale9Enable": false,
              "scale9Height": 18,
              "scale9Width": 25
            }
          }
        ],
        "options": {
          "__type": "ImageViewSurrogate:#EditorCommon.JsonModel.Component.GUI",
          "classname": "ImageView",
          "name": "imgBarBg",
          "ZOrder": 1,
          "actiontag": 3259160,
          "anchorPointX": 0.5,
          "anchorPointY": 0.5,
          "classType": "CocoStudio.EngineAdapterWrap.CSImageView",
          "colorB": 255,
          "colorG": 255,
          "colorR": 255,
          "customProperty": "",
          "flipX": false,
          "flipY": false,
          "height": 80,
          "ignoreSize": false,
          "layoutParameter": null,
          "opacity": 255,
          "positionPercentX": 0.5,
          "positionPercentY": 0.5625,
          "positionType": 0,
          "rotation": 0,
          "scaleX": 1,
          "scaleY": 1,
          "sizePercentX": 1,
          "sizePercentY": 0.125,
          "sizeType": 0,
          "tag": 3016,
          "touchAble": false,
          "useMergedTexture": false,
          "visible": true,
          "width": 960,
          "x": 480,
          "y": 360,
          "capInsetsHeight": 1,
          "capInsetsWidth": 1,
          "capInsetsX": 0,
          "capInsetsY": 0,
          "fileName": null,
          "fileNameData": {
            "path": "inputbarbg.png",
            "plistFile": "",
            "resourceType": 0
          },
          "scale9Enable": false,
          "scale9Height": 80,
          "scale9Width": 960
        }
      },
      {
        "classname": "ListView",
        "name": null,
        "children": [],
        "options": {
          "__type": "ListViewSurrogate:#EditorCommon.JsonModel.Component.GUI",
          "classname": "ListView",
          "name": "lvMessage",
          "ZOrder": 0,
          "actiontag": 39998624,
          "anchorPointX": 0,
          "anchorPointY": 0,
          "classType": "CocoStudio.EngineAdapterWrap.CSListView",
          "colorB": 255,
          "colorG": 255,
          "colorR": 255,
          "customProperty": "",
          "flipX": false,
          "flipY": false,
          "height": 240,
          "ignoreSize": false,
          "layoutParameter": null,
          "opacity": 255,
          "positionPercentX": 0,
          "positionPercentY": 0.625,
          "positionType": 0,
          "rotation": 0,
          "scaleX": 1,
          "scaleY": 1,
          "sizePercentX": 1,
          "sizePercentY": 0.375,
          "sizeType": 0,
          "tag": 3063,
          "touchAble": true,
          "useMergedTexture": false,
          "visible": true,
          "width": 960,
          "x": 0,
          "y": 400,
          "backGroundImage": null,
          "backGroundImageData": null,
          "backGroundScale9Enable": false,
          "bgColorB": 255,
          "bgColorG": 150,
          "bgColorOpacity": 100,
          "bgColorR": 150,
          "bgEndColorB": 255,
          "bgEndColorG": 150,
          "bgEndColorR": 150,
          "bgStartColorB": 255,
          "bgStartColorG": 255,
          "bgStartColorR": 255,
          "bounceEnable": false,
          "capInsetsHeight": 1,
          "capInsetsWidth": 1,
          "capInsetsX": 0,
          "capInsetsY": 0,
          "clipAble": true,
          "colorType": 1,
          "direction": 1,
          "editorClipAble": false,
          "gravity": 0,
          "innerHeight": 0,
          "innerWidth": 0,
          "itemMargin": 0,
          "vectorX": 0,
          "vectorY": -0.5
        }
      },
      {
        "classname": "Button",
        "name": null,
        "children": [
          {
            "classname": "ImageView",
            "name": null,
            "children": [],
            "options": {
              "__type": "ImageViewSurrogate:#EditorCommon.JsonModel.Component.GUI",
              "classname": "ImageView",
              "name": "Image_38",
              "ZOrder": 0,
              "actiontag": 51122378,
              "anchorPointX": 0.5,
              "anchorPointY": 0.5,
              "classType": "CocoStudio.EngineAdapterWrap.CSImageView",
              "colorB": 255,
              "colorG": 255,
              "colorR": 255,
              "customProperty": "",
              "flipX": false,
              "flipY": false,
              "height": 182,
              "ignoreSize": true,
              "layoutParameter": null,
              "opacity": 255,
              "positionPercentX": -0.429292917,
              "positionPercentY": -0.0178571437,
              "positionType": 0,
              "rotation": 0,
              "scaleX": 0.4,
              "scaleY": 0.4,
              "sizePercentX": 0.5479798,
              "sizePercentY": 3.25,
              "sizeType": 0,
              "tag": 13186,
              "touchAble": false,
              "useMergedTexture": false,
              "visible": true,
              "width": 217,
              "x": -170,
              "y": -1,
              "capInsetsHeight": 1,
              "capInsetsWidth": 1,
              "capInsetsX": 0,
              "capInsetsY": 0,
              "fileName": null,
              "fileNameData": {
                "path": "emotion4.png",
                "plistFile": "",
                "resourceType": 0
              },
              "scale9Enable": false,
              "scale9Height": 182,
              "scale9Width": 217
            }
          }
        ],
        "options": {
          "__type": "ButtonSurrogate:#EditorCommon.JsonModel.Component.GUI",
          "classname": "Button",
          "name": "emo_4",
          "ZOrder": 0,
          "actiontag": 66865640,
          "anchorPointX": 0.5,
          "anchorPointY": 0.5,
          "classType": "CocoStudio.EngineAdapterWrap.CSButton",
          "colorB": 255,
          "colorG": 255,
          "colorR": 255,
          "customProperty": "",
          "flipX": false,
          "flipY": false,
          "height": 56,
          "ignoreSize": true,
          "layoutParameter": null,
          "opacity": 255,
          "positionPercentX": 0.270833343,
          "positionPercentY": 0.1875,
          "positionType": 0,
          "rotation": 0,
          "scaleX": 1,
          "scaleY": 1,
          "sizePercentX": 0.4125,
          "sizePercentY": 0.0875,
          "sizeType": 0,
          "tag": 13168,
          "touchAble": true,
          "useMergedTexture": false,
          "visible": true,
          "width": 396,
          "x": 260,
          "y": 120,
          "capInsetsHeight": 1,
          "capInsetsWidth": 1,
          "capInsetsX": 0,
          "capInsetsY": 0,
          "disabled": null,
          "disabledData": {
            "path": "btn_default_msg_tap.png",
            "plistFile": "",
            "resourceType": 0
          },
          "fontName": "微软雅黑",
          "fontSize": 20,
          "fontType": 0,
          "normal": null,
          "normalData": {
            "path": "btn_default_msg.png",
            "plistFile": "",
            "resourceType": 0
          },
          "pressed": null,
          "pressedData": {
            "path": "btn_default_msg_tap.png",
            "plistFile": "",
            "resourceType": 0
          },
          "scale9Enable": false,
          "scale9Height": 56,
          "scale9Width": 396,
          "text": "Uangku",
          "textColorB": 116,
          "textColorG": 116,
          "textColorR": 116
        }
      },
      {
        "classname": "Button",
        "name": null,
        "children": [
          {
            "classname": "ImageView",
            "name": null,
            "children": [],
            "options": {
              "__type": "ImageViewSurrogate:#EditorCommon.JsonModel.Component.GUI",
              "classname": "ImageView",
              "name": "Image_40",
              "ZOrder": 0,
              "actiontag": 20018297,
              "anchorPointX": 0.5,
              "anchorPointY": 0.5,
              "classType": "CocoStudio.EngineAdapterWrap.CSImageView",
              "colorB": 255,
              "colorG": 255,
              "colorR": 255,
              "customProperty": "",
              "flipX": false,
              "flipY": false,
              "height": 173,
              "ignoreSize": true,
              "layoutParameter": null,
              "opacity": 255,
              "positionPercentX": -0.429292917,
              "positionPercentY": -0.0178571437,
              "positionType": 0,
              "rotation": 0,
              "scaleX": 0.4,
              "scaleY": 0.4,
              "sizePercentX": 0.479798,
              "sizePercentY": 3.08928561,
              "sizeType": 0,
              "tag": 13188,
              "touchAble": false,
              "useMergedTexture": false,
              "visible": true,
              "width": 190,
              "x": -170,
              "y": -1,
              "capInsetsHeight": 1,
              "capInsetsWidth": 1,
              "capInsetsX": 0,
              "capInsetsY": 0,
              "fileName": null,
              "fileNameData": {
                "path": "emotion5.png",
                "plistFile": "",
                "resourceType": 0
              },
              "scale9Enable": false,
              "scale9Height": 173,
              "scale9Width": 190
            }
          }
        ],
        "options": {
          "__type": "ButtonSurrogate:#EditorCommon.JsonModel.Component.GUI",
          "classname": "Button",
          "name": "emo_5",
          "ZOrder": 0,
          "actiontag": 64705816,
          "anchorPointX": 0.5,
          "anchorPointY": 0.5,
          "classType": "CocoStudio.EngineAdapterWrap.CSButton",
          "colorB": 255,
          "colorG": 255,
          "colorR": 255,
          "customProperty": "",
          "flipX": false,
          "flipY": false,
          "height": 56,
          "ignoreSize": true,
          "layoutParameter": null,
          "opacity": 255,
          "positionPercentX": 0.7604167,
          "positionPercentY": 0.1875,
          "positionType": 0,
          "rotation": 0,
          "scaleX": 1,
          "scaleY": 1,
          "sizePercentX": 0.4125,
          "sizePercentY": 0.0875,
          "sizeType": 0,
          "tag": 13170,
          "touchAble": true,
          "useMergedTexture": false,
          "visible": true,
          "width": 396,
          "x": 730,
          "y": 120,
          "capInsetsHeight": 1,
          "capInsetsWidth": 1,
          "capInsetsX": 0,
          "capInsetsY": 0,
          "disabled": null,
          "disabledData": {
            "path": "btn_default_msg_tap.png",
            "plistFile": "",
            "resourceType": 0
          },
          "fontName": "微软雅黑",
          "fontSize": 20,
          "fontType": 0,
          "normal": null,
          "normalData": {
            "path": "btn_default_msg.png",
            "plistFile": "",
            "resourceType": 0
          },
          "pressed": null,
          "pressedData": {
            "path": "btn_default_msg_tap.png",
            "plistFile": "",
            "resourceType": 0
          },
          "scale9Enable": false,
          "scale9Height": 56,
          "scale9Width": 396,
          "text": "Ayo Cepatlah!",
          "textColorB": 116,
          "textColorG": 116,
          "textColorR": 116
        }
      },
      {
        "classname": "Button",
        "name": null,
        "children": [
          {
            "classname": "ImageView",
            "name": null,
            "children": [],
            "options": {
              "__type": "ImageViewSurrogate:#EditorCommon.JsonModel.Component.GUI",
              "classname": "ImageView",
              "name": "Image_39",
              "ZOrder": 0,
              "actiontag": 28049320,
              "anchorPointX": 0.5,
              "anchorPointY": 0.5,
              "classType": "CocoStudio.EngineAdapterWrap.CSImageView",
              "colorB": 255,
              "colorG": 255,
              "colorR": 255,
              "customProperty": "",
              "flipX": false,
              "flipY": false,
              "height": 161,
              "ignoreSize": true,
              "layoutParameter": null,
              "opacity": 255,
              "positionPercentX": -0.429292917,
              "positionPercentY": 0,
              "positionType": 0,
              "rotation": 0,
              "scaleX": 0.4,
              "scaleY": 0.4,
              "sizePercentX": 0.48989898,
              "sizePercentY": 2.875,
              "sizeType": 0,
              "tag": 13187,
              "touchAble": false,
              "useMergedTexture": false,
              "visible": true,
              "width": 194,
              "x": -170,
              "y": 0,
              "capInsetsHeight": 1,
              "capInsetsWidth": 1,
              "capInsetsX": 0,
              "capInsetsY": 0,
              "fileName": null,
              "fileNameData": {
                "path": "emotion6.png",
                "plistFile": "",
                "resourceType": 0
              },
              "scale9Enable": false,
              "scale9Height": 161,
              "scale9Width": 194
            }
          }
        ],
        "options": {
          "__type": "ButtonSurrogate:#EditorCommon.JsonModel.Component.GUI",
          "classname": "Button",
          "name": "emo_6",
          "ZOrder": 0,
          "actiontag": 47801038,
          "anchorPointX": 0.5,
          "anchorPointY": 0.5,
          "classType": "CocoStudio.EngineAdapterWrap.CSButton",
          "colorB": 255,
          "colorG": 255,
          "colorR": 255,
          "customProperty": "",
          "flipX": false,
          "flipY": false,
          "height": 56,
          "ignoreSize": true,
          "layoutParameter": null,
          "opacity": 255,
          "positionPercentX": 0.270833343,
          "positionPercentY": 0.075,
          "positionType": 0,
          "rotation": 0,
          "scaleX": 1,
          "scaleY": 1,
          "sizePercentX": 0.4125,
          "sizePercentY": 0.0875,
          "sizeType": 0,
          "tag": 13171,
          "touchAble": true,
          "useMergedTexture": false,
          "visible": true,
          "width": 396,
          "x": 260,
          "y": 48,
          "capInsetsHeight": 1,
          "capInsetsWidth": 1,
          "capInsetsX": 0,
          "capInsetsY": 0,
          "disabled": null,
          "disabledData": {
            "path": "btn_default_msg_tap.png",
            "plistFile": "",
            "resourceType": 0
          },
          "fontName": "微软雅黑",
          "fontSize": 20,
          "fontType": 0,
          "normal": null,
          "normalData": {
            "path": "btn_default_msg.png",
            "plistFile": "",
            "resourceType": 0
          },
          "pressed": null,
          "pressedData": {
            "path": "btn_default_msg_tap.png",
            "plistFile": "",
            "resourceType": 0
          },
          "scale9Enable": false,
          "scale9Height": 56,
          "scale9Width": 396,
          "text": "Kamu bermain bagus!",
          "textColorB": 116,
          "textColorG": 116,
          "textColorR": 116
        }
      },
      {
        "classname": "Button",
        "name": null,
        "children": [
          {
            "classname": "ImageView",
            "name": null,
            "children": [],
            "options": {
              "__type": "ImageViewSurrogate:#EditorCommon.JsonModel.Component.GUI",
              "classname": "ImageView",
              "name": "Image_41",
              "ZOrder": 0,
              "actiontag": 62988541,
              "anchorPointX": 0.5,
              "anchorPointY": 0.5,
              "classType": "CocoStudio.EngineAdapterWrap.CSImageView",
              "colorB": 255,
              "colorG": 255,
              "colorR": 255,
              "customProperty": "",
              "flipX": false,
              "flipY": false,
              "height": 167,
              "ignoreSize": true,
              "layoutParameter": null,
              "opacity": 255,
              "positionPercentX": -0.454545468,
              "positionPercentY": 0,
              "positionType": 0,
              "rotation": 0,
              "scaleX": 0.4,
              "scaleY": 0.4,
              "sizePercentX": 0.454545468,
              "sizePercentY": 2.982143,
              "sizeType": 0,
              "tag": 13189,
              "touchAble": false,
              "useMergedTexture": false,
              "visible": true,
              "width": 180,
              "x": -180,
              "y": 0,
              "capInsetsHeight": 1,
              "capInsetsWidth": 1,
              "capInsetsX": 0,
              "capInsetsY": 0,
              "fileName": null,
              "fileNameData": {
                "path": "emotion7.png",
                "plistFile": "",
                "resourceType": 0
              },
              "scale9Enable": false,
              "scale9Height": 167,
              "scale9Width": 180
            }
          }
        ],
        "options": {
          "__type": "ButtonSurrogate:#EditorCommon.JsonModel.Component.GUI",
          "classname": "Button",
          "name": "emo_7",
          "ZOrder": 0,
          "actiontag": 56701326,
          "anchorPointX": 0.5,
          "anchorPointY": 0.5,
          "classType": "CocoStudio.EngineAdapterWrap.CSButton",
          "colorB": 255,
          "colorG": 255,
          "colorR": 255,
          "customProperty": "",
          "flipX": false,
          "flipY": false,
          "height": 56,
          "ignoreSize": true,
          "layoutParameter": null,
          "opacity": 255,
          "positionPercentX": 0.7604167,
          "positionPercentY": 0.075,
          "positionType": 0,
          "rotation": 0,
          "scaleX": 1,
          "scaleY": 1,
          "sizePercentX": 0.4125,
          "sizePercentY": 0.0875,
          "sizeType": 0,
          "tag": 13172,
          "touchAble": true,
          "useMergedTexture": false,
          "visible": true,
          "width": 396,
          "x": 730,
          "y": 48,
          "capInsetsHeight": 1,
          "capInsetsWidth": 1,
          "capInsetsX": 0,
          "capInsetsY": 0,
          "disabled": null,
          "disabledData": {
            "path": "btn_default_msg_tap.png",
            "plistFile": "",
            "resourceType": 0
          },
          "fontName": "微软雅黑",
          "fontSize": 20,
          "fontType": 0,
          "normal": null,
          "normalData": {
            "path": "btn_default_msg.png",
            "plistFile": "",
            "resourceType": 0
          },
          "pressed": null,
          "pressedData": {
            "path": "btn_default_msg_tap.png",
            "plistFile": "",
            "resourceType": 0
          },
          "scale9Enable": false,
          "scale9Height": 56,
          "scale9Width": 396,
          "text": "Kurang beruntung!",
          "textColorB": 116,
          "textColorG": 116,
          "textColorR": 116
        }
      },
      {
        "classname": "Button",
        "name": null,
        "children": [
          {
            "classname": "ImageView",
            "name": null,
            "children": [],
            "options": {
              "__type": "ImageViewSurrogate:#EditorCommon.JsonModel.Component.GUI",
              "classname": "ImageView",
              "name": "Image_33",
              "ZOrder": 0,
              "actiontag": 22597925,
              "anchorPointX": 0.5,
              "anchorPointY": 0.5,
              "classType": "CocoStudio.EngineAdapterWrap.CSImageView",
              "colorB": 255,
              "colorG": 255,
              "colorR": 255,
              "customProperty": "",
              "flipX": false,
              "flipY": false,
              "height": 157,
              "ignoreSize": true,
              "layoutParameter": null,
              "opacity": 255,
              "positionPercentX": -0.429292917,
              "positionPercentY": 0,
              "positionType": 0,
              "rotation": 0,
              "scaleX": 0.4,
              "scaleY": 0.4,
              "sizePercentX": 0.474747479,
              "sizePercentY": 2.80357146,
              "sizeType": 0,
              "tag": 13181,
              "touchAble": false,
              "useMergedTexture": false,
              "visible": true,
              "width": 188,
              "x": -170,
              "y": 0,
              "capInsetsHeight": 1,
              "capInsetsWidth": 1,
              "capInsetsX": 0,
              "capInsetsY": 0,
              "fileName": null,
              "fileNameData": {
                "path": "emotion0.png",
                "plistFile": "",
                "resourceType": 0
              },
              "scale9Enable": false,
              "scale9Height": 157,
              "scale9Width": 188
            }
          }
        ],
        "options": {
          "__type": "ButtonSurrogate:#EditorCommon.JsonModel.Component.GUI",
          "classname": "Button",
          "name": "emo_0",
          "ZOrder": 0,
          "actiontag": 3616273,
          "anchorPointX": 0.5,
          "anchorPointY": 0.5,
          "classType": "CocoStudio.EngineAdapterWrap.CSButton",
          "colorB": 255,
          "colorG": 255,
          "colorR": 255,
          "customProperty": "",
          "flipX": false,
          "flipY": false,
          "height": 56,
          "ignoreSize": true,
          "layoutParameter": null,
          "opacity": 255,
          "positionPercentX": 0.270833343,
          "positionPercentY": 0.421875,
          "positionType": 0,
          "rotation": 0,
          "scaleX": 1,
          "scaleY": 1,
          "sizePercentX": 0.4125,
          "sizePercentY": 0.0875,
          "sizeType": 0,
          "tag": 13177,
          "touchAble": true,
          "useMergedTexture": false,
          "visible": true,
          "width": 396,
          "x": 260,
          "y": 270,
          "capInsetsHeight": 1,
          "capInsetsWidth": 1,
          "capInsetsX": 0,
          "capInsetsY": 0,
          "disabled": null,
          "disabledData": {
            "path": "btn_default_msg_tap.png",
            "plistFile": "",
            "resourceType": 0
          },
          "fontName": "微软雅黑",
          "fontSize": 20,
          "fontType": 0,
          "normal": null,
          "normalData": {
            "path": "btn_default_msg.png",
            "plistFile": "",
            "resourceType": 0
          },
          "pressed": null,
          "pressedData": {
            "path": "btn_default_msg_tap.png",
            "plistFile": "",
            "resourceType": 0
          },
          "scale9Enable": false,
          "scale9Height": 56,
          "scale9Width": 396,
          "text": "Sedih",
          "textColorB": 116,
          "textColorG": 116,
          "textColorR": 116
        }
      },
      {
        "classname": "Button",
        "name": null,
        "children": [
          {
            "classname": "ImageView",
            "name": null,
            "children": [],
            "options": {
              "__type": "ImageViewSurrogate:#EditorCommon.JsonModel.Component.GUI",
              "classname": "ImageView",
              "name": "Image_33_0",
              "ZOrder": 0,
              "actiontag": 47261838,
              "anchorPointX": 0.5,
              "anchorPointY": 0.5,
              "classType": "CocoStudio.EngineAdapterWrap.CSImageView",
              "colorB": 255,
              "colorG": 255,
              "colorR": 255,
              "customProperty": "",
              "flipX": false,
              "flipY": false,
              "height": 199,
              "ignoreSize": true,
              "layoutParameter": null,
              "opacity": 255,
              "positionPercentX": -0.429292917,
              "positionPercentY": -0.142857149,
              "positionType": 0,
              "rotation": 0,
              "scaleX": 0.4,
              "scaleY": 0.4,
              "sizePercentX": 0.5959596,
              "sizePercentY": 3.55357146,
              "sizeType": 0,
              "tag": 13183,
              "touchAble": false,
              "useMergedTexture": false,
              "visible": true,
              "width": 236,
              "x": -170,
              "y": -8,
              "capInsetsHeight": 1,
              "capInsetsWidth": 1,
              "capInsetsX": 0,
              "capInsetsY": 0,
              "fileName": null,
              "fileNameData": {
                "path": "emotion1.png",
                "plistFile": "",
                "resourceType": 0
              },
              "scale9Enable": false,
              "scale9Height": 199,
              "scale9Width": 236
            }
          }
        ],
        "options": {
          "__type": "ButtonSurrogate:#EditorCommon.JsonModel.Component.GUI",
          "classname": "Button",
          "name": "emo_1",
          "ZOrder": 0,
          "actiontag": 24482701,
          "anchorPointX": 0.5,
          "anchorPointY": 0.5,
          "classType": "CocoStudio.EngineAdapterWrap.CSButton",
          "colorB": 255,
          "colorG": 255,
          "colorR": 255,
          "customProperty": "",
          "flipX": false,
          "flipY": false,
          "height": 56,
          "ignoreSize": true,
          "layoutParameter": null,
          "opacity": 255,
          "positionPercentX": 0.7604167,
          "positionPercentY": 0.421875,
          "positionType": 0,
          "rotation": 0,
          "scaleX": 1,
          "scaleY": 1,
          "sizePercentX": 0.4125,
          "sizePercentY": 0.0875,
          "sizeType": 0,
          "tag": 13178,
          "touchAble": true,
          "useMergedTexture": false,
          "visible": true,
          "width": 396,
          "x": 730,
          "y": 270,
          "capInsetsHeight": 1,
          "capInsetsWidth": 1,
          "capInsetsX": 0,
          "capInsetsY": 0,
          "disabled": null,
          "disabledData": {
            "path": "btn_default_msg_tap.png",
            "plistFile": "",
            "resourceType": 0
          },
          "fontName": "微软雅黑",
          "fontSize": 20,
          "fontType": 0,
          "normal": null,
          "normalData": {
            "path": "btn_default_msg.png",
            "plistFile": "",
            "resourceType": 0
          },
          "pressed": null,
          "pressedData": {
            "path": "btn_default_msg_tap.png",
            "plistFile": "",
            "resourceType": 0
          },
          "scale9Enable": false,
          "scale9Height": 56,
          "scale9Width": 396,
          "text": "Santai",
          "textColorB": 116,
          "textColorG": 116,
          "textColorR": 116
        }
      },
      {
        "classname": "Button",
        "name": null,
        "children": [
          {
            "classname": "ImageView",
            "name": null,
            "children": [],
            "options": {
              "__type": "ImageViewSurrogate:#EditorCommon.JsonModel.Component.GUI",
              "classname": "ImageView",
              "name": "Image_36",
              "ZOrder": 0,
              "actiontag": 52501423,
              "anchorPointX": 0.5,
              "anchorPointY": 0.5,
              "classType": "CocoStudio.EngineAdapterWrap.CSImageView",
              "colorB": 255,
              "colorG": 255,
              "colorR": 255,
              "customProperty": "",
              "flipX": false,
              "flipY": false,
              "height": 149,
              "ignoreSize": true,
              "layoutParameter": null,
              "opacity": 255,
              "positionPercentX": -0.429292917,
              "positionPercentY": 0.0178571437,
              "positionType": 0,
              "rotation": 0,
              "scaleX": 0.4,
              "scaleY": 0.4,
              "sizePercentX": 0.464646459,
              "sizePercentY": 2.66071439,
              "sizeType": 0,
              "tag": 13184,
              "touchAble": false,
              "useMergedTexture": false,
              "visible": true,
              "width": 184,
              "x": -170,
              "y": 1,
              "capInsetsHeight": 1,
              "capInsetsWidth": 1,
              "capInsetsX": 0,
              "capInsetsY": 0,
              "fileName": null,
              "fileNameData": {
                "path": "emotion2.png",
                "plistFile": "",
                "resourceType": 0
              },
              "scale9Enable": false,
              "scale9Height": 149,
              "scale9Width": 184
            }
          }
        ],
        "options": {
          "__type": "ButtonSurrogate:#EditorCommon.JsonModel.Component.GUI",
          "classname": "Button",
          "name": "emo_2",
          "ZOrder": 0,
          "actiontag": 19017721,
          "anchorPointX": 0.5,
          "anchorPointY": 0.5,
          "classType": "CocoStudio.EngineAdapterWrap.CSButton",
          "colorB": 255,
          "colorG": 255,
          "colorR": 255,
          "customProperty": "",
          "flipX": false,
          "flipY": false,
          "height": 56,
          "ignoreSize": true,
          "layoutParameter": null,
          "opacity": 255,
          "positionPercentX": 0.270833343,
          "positionPercentY": 0.3046875,
          "positionType": 0,
          "rotation": 0,
          "scaleX": 1,
          "scaleY": 1,
          "sizePercentX": 0.4125,
          "sizePercentY": 0.0875,
          "sizeType": 0,
          "tag": 13179,
          "touchAble": true,
          "useMergedTexture": false,
          "visible": true,
          "width": 396,
          "x": 260,
          "y": 195,
          "capInsetsHeight": 1,
          "capInsetsWidth": 1,
          "capInsetsX": 0,
          "capInsetsY": 0,
          "disabled": null,
          "disabledData": {
            "path": "btn_default_msg_tap.png",
            "plistFile": "",
            "resourceType": 0
          },
          "fontName": "微软雅黑",
          "fontSize": 20,
          "fontType": 0,
          "normal": null,
          "normalData": {
            "path": "btn_default_msg.png",
            "plistFile": "",
            "resourceType": 0
          },
          "pressed": null,
          "pressedData": {
            "path": "btn_default_msg_tap.png",
            "plistFile": "",
            "resourceType": 0
          },
          "scale9Enable": false,
          "scale9Height": 56,
          "scale9Width": 396,
          "text": "Tidak pernah terlambat untuk...",
          "textColorB": 116,
          "textColorG": 116,
          "textColorR": 116
        }
      },
      {
        "classname": "Button",
        "name": null,
        "children": [
          {
            "classname": "ImageView",
            "name": null,
            "children": [],
            "options": {
              "__type": "ImageViewSurrogate:#EditorCommon.JsonModel.Component.GUI",
              "classname": "ImageView",
              "name": "Image_37",
              "ZOrder": 0,
              "actiontag": 28564864,
              "anchorPointX": 0.5,
              "anchorPointY": 0.5,
              "classType": "CocoStudio.EngineAdapterWrap.CSImageView",
              "colorB": 255,
              "colorG": 255,
              "colorR": 255,
              "customProperty": "",
              "flipX": false,
              "flipY": false,
              "height": 188,
              "ignoreSize": true,
              "layoutParameter": null,
              "opacity": 255,
              "positionPercentX": -0.429292917,
              "positionPercentY": -0.0357142873,
              "positionType": 0,
              "rotation": 0,
              "scaleX": 0.4,
              "scaleY": 0.4,
              "sizePercentX": 0.479798,
              "sizePercentY": 3.357143,
              "sizeType": 0,
              "tag": 13185,
              "touchAble": false,
              "useMergedTexture": false,
              "visible": true,
              "width": 190,
              "x": -170,
              "y": -2,
              "capInsetsHeight": 1,
              "capInsetsWidth": 1,
              "capInsetsX": 0,
              "capInsetsY": 0,
              "fileName": null,
              "fileNameData": {
                "path": "emotion3.png",
                "plistFile": "",
                "resourceType": 0
              },
              "scale9Enable": false,
              "scale9Height": 188,
              "scale9Width": 190
            }
          }
        ],
        "options": {
          "__type": "ButtonSurrogate:#EditorCommon.JsonModel.Component.GUI",
          "classname": "Button",
          "name": "emo_3",
          "ZOrder": 0,
          "actiontag": 36941761,
          "anchorPointX": 0.5,
          "anchorPointY": 0.5,
          "classType": "CocoStudio.EngineAdapterWrap.CSButton",
          "colorB": 255,
          "colorG": 255,
          "colorR": 255,
          "customProperty": "",
          "flipX": false,
          "flipY": false,
          "height": 56,
          "ignoreSize": true,
          "layoutParameter": null,
          "opacity": 255,
          "positionPercentX": 0.7604167,
          "positionPercentY": 0.3046875,
          "positionType": 0,
          "rotation": 0,
          "scaleX": 1,
          "scaleY": 1,
          "sizePercentX": 0.4125,
          "sizePercentY": 0.0875,
          "sizeType": 0,
          "tag": 13180,
          "touchAble": true,
          "useMergedTexture": false,
          "visible": true,
          "width": 396,
          "x": 730,
          "y": 195,
          "capInsetsHeight": 1,
          "capInsetsWidth": 1,
          "capInsetsX": 0,
          "capInsetsY": 0,
          "disabled": null,
          "disabledData": {
            "path": "btn_default_msg_tap.png",
            "plistFile": "",
            "resourceType": 0
          },
          "fontName": "微软雅黑",
          "fontSize": 20,
          "fontType": 0,
          "normal": null,
          "normalData": {
            "path": "btn_default_msg.png",
            "plistFile": "",
            "resourceType": 0
          },
          "pressed": null,
          "pressedData": {
            "path": "btn_default_msg_tap.png",
            "plistFile": "",
            "resourceType": 0
          },
          "scale9Enable": false,
          "scale9Height": 56,
          "scale9Width": 396,
          "text": "Bukan kekurangan uang",
          "textColorB": 116,
          "textColorG": 116,
          "textColorR": 116
        }
      }
    ],
    "options": {
      "__type": "PanelSurrogate:#EditorCommon.JsonModel.Component.GUI",
      "classname": "Panel",
      "name": "pnlMain",
      "ZOrder": 0,
      "actiontag": -1,
      "anchorPointX": 0,
      "anchorPointY": 0,
      "classType": "CocoStudio.EngineAdapterWrap.CSPanel",
      "colorB": 255,
      "colorG": 255,
      "colorR": 255,
      "customProperty": "",
      "flipX": false,
      "flipY": false,
      "height": 640,
      "ignoreSize": false,
      "layoutParameter": null,
      "opacity": 255,
      "positionPercentX": 0,
      "positionPercentY": 0,
      "positionType": 0,
      "rotation": 0,
      "scaleX": 1,
      "scaleY": 1,
      "sizePercentX": 1,
      "sizePercentY": 1,
      "sizeType": 0,
      "tag": 4,
      "touchAble": true,
      "useMergedTexture": false,
      "visible": true,
      "width": 960,
      "x": 0,
      "y": 0,
      "adaptScreen": false,
      "backGroundImage": null,
      "backGroundImageData": null,
      "backGroundScale9Enable": false,
      "bgColorB": 255,
      "bgColorG": 200,
      "bgColorOpacity": 0,
      "bgColorR": 150,
      "bgEndColorB": 255,
      "bgEndColorG": 200,
      "bgEndColorR": 150,
      "bgStartColorB": 255,
      "bgStartColorG": 255,
      "bgStartColorR": 255,
      "capInsetsHeight": 1,
      "capInsetsWidth": 1,
      "capInsetsX": 0,
      "capInsetsY": 0,
      "clipAble": false,
      "colorType": 1,
      "layoutType": 0,
      "vectorX": 0,
      "vectorY": -0.5
    }
  }
}