{
  "classname": null,
  "name": null,
  "animation": {
    "classname": null,
    "name": "AnimationManager",
    "actionlist": []
  },
  "dataScale": 1,
  "designHeight": 160,
  "designWidth": 430,
  "textures": [],
  "texturesPng": [
    "Slide.png",
    "Mute.png",
    "setting_in1.png",
    "Setting_tap.png",
    "Screenshot.png",
    "Screenshot_tap.png",
    "unmute.png",
    "unmute_tap.png",
    "Match_history.png",
    "Match_history_tap.png",
    "money.png",
    "money_tap.png",
    "rank.png",
    "rank_tap.png",
    "setting.png",
    "setting_tap.png",
    "logout_back.png",
    "logout_back_tap.png",
    "chat.png",
    "chat_tap.png",
    "facebook_fp.png",
    "facebook_fp_tap.png",
    "call.png",
    "call_tap.png",
    "unipin.png",
    "unipin_tap.png",
    "google_iap.png",
    "google_iap_tap.png",
    "topslide.png",
    "mimoplay.png",
    "mimoplay_tap.png"
  ],
  "version": "1.6.0.0",
  "widgetTree": {
    "classname": "Panel",
    "name": null,
    "children": [
      {
        "classname": "ImageView",
        "name": null,
        "children": [],
        "options": {
          "__type": "ImageViewSurrogate:#EditorCommon.JsonModel.Component.GUI",
          "classname": "ImageView",
          "name": "imgCardIcon",
          "ZOrder": 0,
          "actiontag": 10552036,
          "anchorPointX": 0.5,
          "anchorPointY": 0.5,
          "classType": "CocoStudio.EngineAdapterWrap.CSImageView",
          "colorB": 255,
          "colorG": 255,
          "colorR": 255,
          "customProperty": "",
          "flipX": false,
          "flipY": false,
          "height": 80,
          "ignoreSize": false,
          "layoutParameter": null,
          "opacity": 255,
          "positionPercentX": 0.3906977,
          "positionPercentY": 0.59375,
          "positionType": 0,
          "rotation": 0,
          "scaleX": 1,
          "scaleY": 1,
          "sizePercentX": 0.186046511,
          "sizePercentY": 0.5,
          "sizeType": 0,
          "tag": 4,
          "touchAble": false,
          "useMergedTexture": false,
          "visible": true,
          "width": 80,
          "x": 168,
          "y": 95,
          "capInsetsHeight": 1,
          "capInsetsWidth": 1,
          "capInsetsX": 0,
          "capInsetsY": 0,
          "fileName": null,
          "fileNameData": {
            "path": "Cardicon.png",
            "plistFile": "",
            "resourceType": 0
          },
          "scale9Enable": false,
          "scale9Height": 80,
          "scale9Width": 80
        }
      },
      {
        "classname": "ImageView",
        "name": null,
        "children": [
          {
            "classname": "LabelBMFont",
            "name": null,
            "children": [],
            "options": {
              "__type": "LabelBMFontSurrogate:#EditorCommon.JsonModel.Component.GUI",
              "classname": "LabelBMFont",
              "name": "lblNumCards",
              "ZOrder": 0,
              "actiontag": 10330230,
              "anchorPointX": 0.5,
              "anchorPointY": 0.5,
              "classType": "CocoStudio.EngineAdapterWrap.CSLabelBMFont",
              "colorB": 255,
              "colorG": 255,
              "colorR": 255,
              "customProperty": "",
              "flipX": false,
              "flipY": false,
              "height": 80,
              "ignoreSize": true,
              "layoutParameter": null,
              "opacity": 255,
              "positionPercentX": 0.222222224,
              "positionPercentY": 0.425,
              "positionType": 0,
              "rotation": 0,
              "scaleX": 0.5438598,
              "scaleY": 0.750000238,
              "sizePercentX": 0.6333333,
              "sizePercentY": 2,
              "sizeType": 0,
              "tag": 9,
              "touchAble": false,
              "useMergedTexture": false,
              "visible": true,
              "width": 57,
              "x": 20,
              "y": 17,
              "fileNameData": {
                "path": "Digit-export.fnt",
                "plistFile": "",
                "resourceType": 0
              },
              "text": "13"
            }
          }
        ],
        "options": {
          "__type": "ImageViewSurrogate:#EditorCommon.JsonModel.Component.GUI",
          "classname": "ImageView",
          "name": "imgNumCardsBg",
          "ZOrder": 0,
          "actiontag": 6478825,
          "anchorPointX": 0.5,
          "anchorPointY": 0.5,
          "classType": "CocoStudio.EngineAdapterWrap.CSImageView",
          "colorB": 255,
          "colorG": 255,
          "colorR": 255,
          "customProperty": "",
          "flipX": false,
          "flipY": false,
          "height": 40,
          "ignoreSize": false,
          "layoutParameter": null,
          "opacity": 255,
          "positionPercentX": 0.3255814,
          "positionPercentY": 0.575,
          "positionType": 0,
          "rotation": 0,
          "scaleX": 1,
          "scaleY": 1,
          "sizePercentX": 0.209302321,
          "sizePercentY": 0.25,
          "sizeType": 0,
          "tag": 6,
          "touchAble": false,
          "useMergedTexture": false,
          "visible": true,
          "width": 90,
          "x": 140,
          "y": 92,
          "capInsetsHeight": 1,
          "capInsetsWidth": 1,
          "capInsetsX": 0,
          "capInsetsY": 0,
          "fileName": null,
          "fileNameData": {
            "path": "cardnumber.png",
            "plistFile": "",
            "resourceType": 0
          },
          "scale9Enable": false,
          "scale9Height": 40,
          "scale9Width": 90
        }
      },
      {
        "classname": "ImageView",
        "name": null,
        "children": [],
        "options": {
          "__type": "ImageViewSurrogate:#EditorCommon.JsonModel.Component.GUI",
          "classname": "ImageView",
          "name": "imgAvatar",
          "ZOrder": 1,
          "actiontag": 50141003,
          "anchorPointX": 0.5,
          "anchorPointY": 0.5,
          "classType": "CocoStudio.EngineAdapterWrap.CSImageView",
          "colorB": 255,
          "colorG": 255,
          "colorR": 255,
          "customProperty": "",
          "flipX": false,
          "flipY": false,
          "height": 80,
          "ignoreSize": false,
          "layoutParameter": null,
          "opacity": 255,
          "positionPercentX": 0.244186044,
          "positionPercentY": 0.55625,
          "positionType": 0,
          "rotation": 0,
          "scaleX": 1,
          "scaleY": 1,
          "sizePercentX": 0.186046511,
          "sizePercentY": 0.5,
          "sizeType": 0,
          "tag": 7,
          "touchAble": false,
          "useMergedTexture": false,
          "visible": true,
          "width": 80,
          "x": 105,
          "y": 89,
          "capInsetsHeight": 1,
          "capInsetsWidth": 1,
          "capInsetsX": 0,
          "capInsetsY": 0,
          "fileName": null,
          "fileNameData": {
            "path": "avatar.png",
            "plistFile": "",
            "resourceType": 0
          },
          "scale9Enable": false,
          "scale9Height": 80,
          "scale9Width": 80
        }
      },
      {
        "classname": "ImageView",
        "name": null,
        "children": [],
        "options": {
          "__type": "ImageViewSurrogate:#EditorCommon.JsonModel.Component.GUI",
          "classname": "ImageView",
          "name": "imgVipIcon",
          "ZOrder": 2,
          "actiontag": 6802298,
          "anchorPointX": 0.5,
          "anchorPointY": 0.5,
          "classType": "CocoStudio.EngineAdapterWrap.CSImageView",
          "colorB": 255,
          "colorG": 255,
          "colorR": 255,
          "customProperty": "",
          "flipX": false,
          "flipY": false,
          "height": 30,
          "ignoreSize": false,
          "layoutParameter": null,
          "opacity": 255,
          "positionPercentX": 0.1744186,
          "positionPercentY": 0.41875,
          "positionType": 0,
          "rotation": 0,
          "scaleX": 1,
          "scaleY": 1,
          "sizePercentX": 0.0697674453,
          "sizePercentY": 0.1875,
          "sizeType": 0,
          "tag": 8,
          "touchAble": false,
          "useMergedTexture": false,
          "visible": true,
          "width": 30,
          "x": 75,
          "y": 67,
          "capInsetsHeight": 1,
          "capInsetsWidth": 1,
          "capInsetsX": 0,
          "capInsetsY": 0,
          "fileName": null,
          "fileNameData": {
            "path": "VIP_chip.png",
            "plistFile": "",
            "resourceType": 0
          },
          "scale9Enable": false,
          "scale9Height": 30,
          "scale9Width": 30
        }
      },
      {
        "classname": "ImageView",
        "name": null,
        "children": [],
        "options": {
          "__type": "ImageViewSurrogate:#EditorCommon.JsonModel.Component.GUI",
          "classname": "ImageView",
          "name": "imgExp",
          "ZOrder": 0,
          "actiontag": 53502816,
          "anchorPointX": 0.5,
          "anchorPointY": 0.5,
          "classType": "CocoStudio.EngineAdapterWrap.CSImageView",
          "colorB": 255,
          "colorG": 255,
          "colorR": 255,
          "customProperty": "",
          "flipX": false,
          "flipY": false,
          "height": 25,
          "ignoreSize": true,
          "layoutParameter": null,
          "opacity": 255,
          "positionPercentX": 0.148837209,
          "positionPercentY": 0.9125,
          "positionType": 0,
          "rotation": 0,
          "scaleX": 1,
          "scaleY": 1,
          "sizePercentX": 0.0604651161,
          "sizePercentY": 0.15625,
          "sizeType": 0,
          "tag": 798,
          "touchAble": false,
          "useMergedTexture": false,
          "visible": true,
          "width": 26,
          "x": 64,
          "y": 146,
          "capInsetsHeight": 1,
          "capInsetsWidth": 1,
          "capInsetsX": 0,
          "capInsetsY": 0,
          "fileName": null,
          "fileNameData": {
            "path": "Star_blue.png",
            "plistFile": "",
            "resourceType": 0
          },
          "scale9Enable": false,
          "scale9Height": 25,
          "scale9Width": 26
        }
      },
      {
        "classname": "ImageView",
        "name": null,
        "children": [],
        "options": {
          "__type": "ImageViewSurrogate:#EditorCommon.JsonModel.Component.GUI",
          "classname": "ImageView",
          "name": "imgHost",
          "ZOrder": 1,
          "actiontag": 63632534,
          "anchorPointX": 0.5,
          "anchorPointY": 0.5,
          "classType": "CocoStudio.EngineAdapterWrap.CSImageView",
          "colorB": 255,
          "colorG": 255,
          "colorR": 255,
          "customProperty": "",
          "flipX": false,
          "flipY": false,
          "height": 36,
          "ignoreSize": true,
          "layoutParameter": null,
          "opacity": 255,
          "positionPercentX": 0.244186044,
          "positionPercentY": 0.48125,
          "positionType": 0,
          "rotation": 0,
          "scaleX": 1,
          "scaleY": 1,
          "sizePercentX": 0.095348835,
          "sizePercentY": 0.225,
          "sizeType": 0,
          "tag": 799,
          "touchAble": false,
          "useMergedTexture": false,
          "visible": true,
          "width": 41,
          "x": 105,
          "y": 77,
          "capInsetsHeight": 1,
          "capInsetsWidth": 1,
          "capInsetsX": 0,
          "capInsetsY": 0,
          "fileName": null,
          "fileNameData": {
            "path": "host.png",
            "plistFile": "",
            "resourceType": 0
          },
          "scale9Enable": false,
          "scale9Height": 36,
          "scale9Width": 41
        }
      },
      {
        "classname": "TextField",
        "name": null,
        "children": [],
        "options": {
          "__type": "TextFieldSurrogate:#EditorCommon.JsonModel.Component.GUI",
          "classname": "TextField",
          "name": "txtUserId",
          "ZOrder": 0,
          "actiontag": 17022773,
          "anchorPointX": 0.5,
          "anchorPointY": 0.5,
          "classType": "CocoStudio.EngineAdapterWrap.CSTextField",
          "colorB": 255,
          "colorG": 255,
          "colorR": 255,
          "customProperty": "",
          "flipX": false,
          "flipY": false,
          "height": 23,
          "ignoreSize": true,
          "layoutParameter": null,
          "opacity": 255,
          "positionPercentX": 0.239534885,
          "positionPercentY": 0.60625,
          "positionType": 0,
          "rotation": 0,
          "scaleX": 1,
          "scaleY": 1,
          "sizePercentX": 0.0348837227,
          "sizePercentY": 0.14375,
          "sizeType": 0,
          "tag": 800,
          "touchAble": false,
          "useMergedTexture": false,
          "visible": true,
          "width": 15,
          "x": 103,
          "y": 97,
          "areaHeight": 0,
          "areaWidth": 0,
          "fontFile": null,
          "fontName": "微软雅黑",
          "fontSize": 20,
          "maxLength": 10,
          "maxLengthEnable": false,
          "passwordEnable": false,
          "passwordStyleText": "*",
          "placeHolder": "input words here",
          "text": "id"
        }
      },
      {
        "classname": "Button",
        "name": null,
        "children": [],
        "options": {
          "__type": "ButtonSurrogate:#EditorCommon.JsonModel.Component.GUI",
          "classname": "Button",
          "name": "btnKick",
          "ZOrder": 3,
          "actiontag": 54739329,
          "anchorPointX": 0.5,
          "anchorPointY": 0.5,
          "classType": "CocoStudio.EngineAdapterWrap.CSButton",
          "colorB": 255,
          "colorG": 255,
          "colorR": 255,
          "customProperty": "",
          "flipX": false,
          "flipY": false,
          "height": 31,
          "ignoreSize": true,
          "layoutParameter": null,
          "opacity": 255,
          "positionPercentX": 0.318604648,
          "positionPercentY": 0.75,
          "positionType": 0,
          "rotation": 0,
          "scaleX": 1,
          "scaleY": 1,
          "sizePercentX": 0.0744186044,
          "sizePercentY": 0.19375,
          "sizeType": 0,
          "tag": 808,
          "touchAble": true,
          "useMergedTexture": false,
          "visible": true,
          "width": 32,
          "x": 137,
          "y": 120,
          "capInsetsHeight": 1,
          "capInsetsWidth": 1,
          "capInsetsX": 0,
          "capInsetsY": 0,
          "disabled": null,
          "disabledData": {
            "path": null,
            "plistFile": null,
            "resourceType": 0
          },
          "fontName": "微软雅黑",
          "fontSize": 14,
          "fontType": 0,
          "normal": null,
          "normalData": {
            "path": "exit.png",
            "plistFile": "",
            "resourceType": 0
          },
          "pressed": null,
          "pressedData": {
            "path": null,
            "plistFile": null,
            "resourceType": 0
          },
          "scale9Enable": false,
          "scale9Height": 31,
          "scale9Width": 32,
          "text": "",
          "textColorB": 255,
          "textColorG": 255,
          "textColorR": 255
        }
      },
      {
        "classname": "Panel",
        "name": null,
        "children": [],
        "options": {
          "__type": "PanelSurrogate:#EditorCommon.JsonModel.Component.GUI",
          "classname": "Panel",
          "name": "pnlAvatar",
          "ZOrder": 2,
          "actiontag": 138844,
          "anchorPointX": 0,
          "anchorPointY": 0,
          "classType": "CocoStudio.EngineAdapterWrap.CSPanel",
          "colorB": 255,
          "colorG": 255,
          "colorR": 255,
          "customProperty": "",
          "flipX": false,
          "flipY": false,
          "height": 70,
          "ignoreSize": false,
          "layoutParameter": null,
          "opacity": 255,
          "positionPercentX": 0.160465121,
          "positionPercentY": 0.36875,
          "positionType": 0,
          "rotation": 0,
          "scaleX": 1,
          "scaleY": 1,
          "sizePercentX": 0.1627907,
          "sizePercentY": 0.4375,
          "sizeType": 0,
          "tag": 5407,
          "touchAble": true,
          "useMergedTexture": false,
          "visible": true,
          "width": 70,
          "x": 69,
          "y": 59,
          "adaptScreen": false,
          "backGroundImage": null,
          "backGroundImageData": null,
          "backGroundScale9Enable": false,
          "bgColorB": 255,
          "bgColorG": 200,
          "bgColorOpacity": 100,
          "bgColorR": 150,
          "bgEndColorB": 255,
          "bgEndColorG": 200,
          "bgEndColorR": 150,
          "bgStartColorB": 255,
          "bgStartColorG": 255,
          "bgStartColorR": 255,
          "capInsetsHeight": 1,
          "capInsetsWidth": 1,
          "capInsetsX": 0,
          "capInsetsY": 0,
          "clipAble": false,
          "colorType": 0,
          "layoutType": 0,
          "vectorX": 0,
          "vectorY": -0.5
        }
      },
      {
        "classname": "ImageView",
        "name": null,
        "children": [],
        "options": {
          "__type": "ImageViewSurrogate:#EditorCommon.JsonModel.Component.GUI",
          "classname": "ImageView",
          "name": "imgDevice",
          "ZOrder": 3,
          "actiontag": 59691289,
          "anchorPointX": 0.5,
          "anchorPointY": 0.5,
          "classType": "CocoStudio.EngineAdapterWrap.CSImageView",
          "colorB": 255,
          "colorG": 255,
          "colorR": 255,
          "customProperty": "",
          "flipX": false,
          "flipY": false,
          "height": 34,
          "ignoreSize": true,
          "layoutParameter": null,
          "opacity": 255,
          "positionPercentX": 0.169767439,
          "positionPercentY": 0.7375,
          "positionType": 0,
          "rotation": 0,
          "scaleX": 1,
          "scaleY": 1,
          "sizePercentX": 0.0744186044,
          "sizePercentY": 0.2125,
          "sizeType": 0,
          "tag": 8650,
          "touchAble": false,
          "useMergedTexture": false,
          "visible": true,
          "width": 32,
          "x": 73,
          "y": 118,
          "capInsetsHeight": 1,
          "capInsetsWidth": 1,
          "capInsetsX": 0,
          "capInsetsY": 0,
          "fileName": null,
          "fileNameData": {
            "path": "PC.png",
            "plistFile": "",
            "resourceType": 0
          },
          "scale9Enable": false,
          "scale9Height": 34,
          "scale9Width": 32
        }
      },
      {
        "classname": "LabelBMFont",
        "name": null,
        "children": [],
        "options": {
          "__type": "LabelBMFontSurrogate:#EditorCommon.JsonModel.Component.GUI",
          "classname": "LabelBMFont",
          "name": "bmfPlayerName",
          "ZOrder": 0,
          "actiontag": 6063624,
          "anchorPointX": 0.5,
          "anchorPointY": 0.5,
          "classType": "CocoStudio.EngineAdapterWrap.CSLabelBMFont",
          "colorB": 255,
          "colorG": 255,
          "colorR": 255,
          "customProperty": "",
          "flipX": false,
          "flipY": false,
          "height": 40,
          "ignoreSize": true,
          "layoutParameter": null,
          "opacity": 255,
          "positionPercentX": 0.239534885,
          "positionPercentY": 0.93125,
          "positionType": 0,
          "rotation": 0,
          "scaleX": 0.6,
          "scaleY": 0.6,
          "sizePercentX": 0.455813944,
          "sizePercentY": 0.25,
          "sizeType": 0,
          "tag": 12540,
          "touchAble": false,
          "useMergedTexture": false,
          "visible": true,
          "width": 196,
          "x": 103,
          "y": 149,
          "fileNameData": {
            "path": "bf0-export.fnt",
            "plistFile": "",
            "resourceType": 0
          },
          "text": "Player Name"
        }
      },
      {
        "classname": "LabelBMFont",
        "name": null,
        "children": [],
        "options": {
          "__type": "LabelBMFontSurrogate:#EditorCommon.JsonModel.Component.GUI",
          "classname": "LabelBMFont",
          "name": "bmfGold",
          "ZOrder": 0,
          "actiontag": 17680651,
          "anchorPointX": 0.5,
          "anchorPointY": 0.5,
          "classType": "CocoStudio.EngineAdapterWrap.CSLabelBMFont",
          "colorB": 255,
          "colorG": 255,
          "colorR": 255,
          "customProperty": "",
          "flipX": false,
          "flipY": false,
          "height": 40,
          "ignoreSize": true,
          "layoutParameter": null,
          "opacity": 255,
          "positionPercentX": 0.246511623,
          "positionPercentY": 0.2875,
          "positionType": 0,
          "rotation": 0,
          "scaleX": 0.5,
          "scaleY": 0.5,
          "sizePercentX": 0.4348837,
          "sizePercentY": 0.25,
          "sizeType": 0,
          "tag": 12541,
          "touchAble": false,
          "useMergedTexture": false,
          "visible": true,
          "width": 187,
          "x": 106,
          "y": 46,
          "fileNameData": {
            "path": "bf2-export.fnt",
            "plistFile": "",
            "resourceType": 0
          },
          "text": "999.999.999"
        }
      }
    ],
    "options": {
      "__type": "PanelSurrogate:#EditorCommon.JsonModel.Component.GUI",
      "classname": "Panel",
      "name": "pnlMain",
      "ZOrder": 0,
      "actiontag": -1,
      "anchorPointX": 0,
      "anchorPointY": 0,
      "classType": "CocoStudio.EngineAdapterWrap.CSPanel",
      "colorB": 255,
      "colorG": 255,
      "colorR": 255,
      "customProperty": "",
      "flipX": false,
      "flipY": false,
      "height": 160,
      "ignoreSize": false,
      "layoutParameter": null,
      "opacity": 255,
      "positionPercentX": 0,
      "positionPercentY": 0,
      "positionType": 0,
      "rotation": 0,
      "scaleX": 1,
      "scaleY": 1,
      "sizePercentX": 1,
      "sizePercentY": 1,
      "sizeType": 0,
      "tag": 3,
      "touchAble": true,
      "useMergedTexture": false,
      "visible": true,
      "width": 430,
      "x": 0,
      "y": 0,
      "adaptScreen": false,
      "backGroundImage": null,
      "backGroundImageData": null,
      "backGroundScale9Enable": false,
      "bgColorB": 255,
      "bgColorG": 200,
      "bgColorOpacity": 0,
      "bgColorR": 150,
      "bgEndColorB": 255,
      "bgEndColorG": 200,
      "bgEndColorR": 150,
      "bgStartColorB": 255,
      "bgStartColorG": 255,
      "bgStartColorR": 255,
      "capInsetsHeight": 1,
      "capInsetsWidth": 1,
      "capInsetsX": 0,
      "capInsetsY": 0,
      "clipAble": false,
      "colorType": 0,
      "layoutType": 0,
      "vectorX": 0,
      "vectorY": -0.5
    }
  }
}